student_id,minutes_watched,paid_in_q2
767,0.05,0
1067,0.27,0
1151,122.35,0
1571,77.6,0
2058,0.42,0
2495,0.18,0
2622,15.87,0
3182,0.13,0
3495,0.08,0
3878,2.03,0
5683,6.57,0
6741,32.97,0
6864,6.02,0
7334,153,0
8641,24.15,0
8686,0.22,0
9031,1.55,0
9387,13.43,0
10902,0.23,0
11813,0.45,0
12701,0.1,0
13586,1.05,0
19741,0.42,0
22161,0.07,0
26949,3.2,0
27832,5.9,0
560,1.37,0
1307,5.5,0
1395,133.52,0
1516,6.42,0
1883,0.83,0
2389,2.08,0
2454,5.38,0
2549,40.22,0
2788,44.87,0
3008,11.95,0
3059,37,0
3271,0.95,0
3337,26.15,0
3894,0.18,0
4150,4.53,0
4335,0.25,0
4808,1.07,0
4942,33.97,0
5033,1.12,0
5549,0.38,0
5888,157.8,0
6362,25.88,0
6381,0.32,0
6608,15.82,0
6691,0.85,0
6715,32.88,0
6764,0.12,0
6780,2.2,0
7351,0.68,0
7622,1.2,0
7708,0.27,0
8969,2.08,0
9806,14.13,0
10593,3.95,0
10612,0.4,0
10958,62.7,0
11225,0.12,0
11528,5.65,0
12382,0.22,0
12432,0.17,0
12741,11.17,0
12996,0.17,0
13248,0.1,0
13832,1.78,0
13948,1.93,0
14054,0.07,0
14354,2.93,0
15787,10.02,0
15926,0.45,0
16902,0.82,0
17126,40.32,0
17557,0.87,0
19050,161.58,0
19269,16.45,0
19677,60.83,0
20365,0.17,0
20520,7,0
22083,71.82,0
22239,0.93,0
22959,0.48,0
23036,3.8,0
23139,3.82,0
24165,11.97,0
24276,6.07,0
24778,0.08,0
24972,19.53,0
26188,0.25,0
26296,0.22,0
29444,37.47,0
29993,12.32,0
32150,0.18,0
35223,7.47,0
36300,49.43,0
39298,8.88,0
40679,0.62,0
42546,1.53,0
44751,0.05,0
50317,0.42,0
54665,0.05,0
55342,0.1,0
56168,4.32,0
57131,5.57,0
60092,0.07,0
61845,0.07,0
62186,48.77,0
62525,8.4,0
62851,0.88,0
64278,0.2,0
66318,65.38,0
72221,15.92,0
72262,0.3,0
72838,0.48,0
74943,0.05,0
78541,0.15,0
79351,0.12,0
81399,3.25,0
86652,0.72,0
92582,23.7,0
98640,15.38,0
110557,30.57,0
113759,1.13,0
116556,0.73,0
126135,0.05,0
137457,0.7,0
140465,0.52,0
140676,13.75,0
143378,4.3,0
143420,0.15,0
143658,0.15,0
143721,33.4,0
143965,0.05,0
143984,2.72,0
144074,153.5,0
144781,3.95,0
145377,2.37,0
145594,9.85,0
145658,1.13,0
145665,110.08,0
146143,9.95,0
146158,1.33,0
146247,0.15,0
146399,24.43,0
146409,1.28,0
146499,78.62,0
146943,0.33,0
146984,2.72,0
147088,12.98,0
147275,14.28,0
147578,0.15,0
147639,55.9,0
147665,2.15,0
147693,3.87,0
147762,3.35,0
147904,4.83,0
147932,45.7,0
147941,0.23,0
147954,10.25,0
147963,0.1,0
147992,26.57,0
148006,24.83,0
148060,55.52,0
148133,23.67,0
148137,0.15,0
148138,2.7,0
148148,4.57,0
148149,0.17,0
148150,1.28,0
148159,0.12,0
148221,0.5,0
148225,1.23,0
148229,16.27,0
148231,0.23,0
148239,0.4,0
148245,6.65,0
148277,1.43,0
148292,19.65,0
148298,1.27,0
148307,1.97,0
148309,72.17,0
148314,0.1,0
148321,34.18,0
148334,0.57,0
148357,0.5,0
148363,21.35,0
148390,39.05,0
148406,37.95,0
148433,1.13,0
148442,3.37,0
148448,0.07,0
148449,0.7,0
148461,0.03,0
148475,0.47,0
148485,1.57,0
148487,0.67,0
148496,0.35,0
148506,2.12,0
148512,2.2,0
148516,86.8,0
148551,0.07,0
148560,0.52,0
148570,0.13,0
148641,3.22,0
148674,6.65,0
148682,3.37,0
148703,46.93,0
148706,1.85,0
148719,7.68,0
148728,0.43,0
148737,0.88,0
148750,0.28,0
148795,1.43,0
148804,0.63,0
148818,0.07,0
148833,5.63,0
148848,72.52,0
148878,0.25,0
148881,0.98,0
148887,4.23,0
148891,24.1,0
148909,5.08,0
148915,29.08,0
148989,2.33,0
148992,8.82,0
149016,0.1,0
149045,12.97,0
149063,2.47,0
149089,0.2,0
149095,46.77,0
149098,13.37,0
149148,4.12,0
149169,0.45,0
149175,0.62,0
149187,18.13,0
149191,8.58,0
149309,2.2,0
149324,0.08,0
149352,49.97,0
149371,93.02,0
149408,0.98,0
149415,25.77,0
149426,0.87,0
149489,3.22,0
149499,4.53,0
149505,2.73,0
149525,4.75,0
149541,20.53,0
149598,61.28,0
149637,7.65,0
149719,39.5,0
149736,4.57,0
149748,2.18,0
149782,42.25,0
149796,16.65,0
149802,0.13,0
149842,7.63,0
149863,0.18,0
149888,5.78,0
149927,0.77,0
149961,3.55,0
149963,7.73,0
149980,0.12,0
149989,1.13,0
149993,0.78,0
150010,55.57,0
150027,3.25,0
150047,0.63,0
150080,17.43,0
150092,0.28,0
150144,1.15,0
150156,1.07,0
150180,4.77,0
150239,0.07,0
150259,5.43,0
150261,53.23,0
150285,21.48,0
150287,6.28,0
150291,0.13,0
150304,18.1,0
150310,10.82,0
150326,58.05,0
150340,75.02,0
150379,60.83,0
150394,5.43,0
150399,21,0
150429,0.13,0
150443,1.9,0
150468,0.05,0
150502,0.35,0
150532,0.05,0
150534,70.47,0
150565,0.08,0
150575,0.08,0
150576,0.1,0
150596,0.72,0
150610,5.67,0
150658,0.95,0
150671,5.53,0
150732,116.53,0
150775,0.1,0
150779,34.42,0
150824,0.48,0
150834,2.58,0
150835,23.3,0
150840,9.27,0
150853,0.05,0
150878,25.62,0
150887,0.3,0
150929,1.37,0
150934,0.8,0
150935,12.12,0
150975,2.65,0
150982,62.58,0
150983,90.82,0
151013,0.6,0
151046,44.28,0
151076,6.35,0
151078,2.73,0
151098,1.07,0
151120,0.67,0
151178,1.03,0
151195,0.08,0
151325,43.55,0
151326,23.2,0
151330,56.28,0
151353,0.6,0
151360,0.1,0
151368,83.7,0
151417,0.6,0
151475,6.78,0
151493,1.1,0
151518,0.95,0
151545,61.03,0
151563,0.58,0
151623,2.03,0
151624,4.37,0
151707,0.37,0
151712,10.18,0
151715,0.07,0
151771,2.07,0
151898,0.62,0
151933,0.08,0
151935,2.63,0
151938,0.13,0
152009,115.67,0
152059,0.65,0
152092,0.68,0
152135,0.12,0
152152,0.25,0
152158,0.98,0
152189,22.45,0
152200,0.43,0
152227,1.22,0
152241,6.77,0
152330,47.48,0
152338,0.9,0
152339,0.45,0
152344,52.63,0
152354,5.93,0
152401,17.38,0
152414,3.03,0
152438,5.48,0
152491,1.22,0
152492,0.77,0
152545,0.2,0
152553,20.58,0
152581,0.15,0
152605,2.23,0
152612,1.88,0
152613,1.52,0
152631,0.72,0
152655,4.88,0
152666,29.22,0
152688,11.05,0
152708,0.08,0
152761,2.03,0
152791,71.83,0
152816,0.83,0
152820,8.45,0
152846,52.98,0
152849,18.07,0
152909,0.28,0
152923,11.97,0
152957,0.45,0
152960,44.8,0
152963,0.15,0
152976,57.52,0
152985,0.05,0
153014,15.15,0
153034,0.52,0
153037,8.78,0
153104,35.43,0
153112,4.55,0
153138,5.4,0
153177,35.1,0
153202,6.05,0
153225,10.03,0
153274,72.9,0
153305,3.62,0
153313,59.33,0
153326,0.28,0
153341,6.05,0
153343,2.72,0
153348,0.85,0
153353,3.43,0
153440,3.58,0
153530,1.43,0
153557,4.55,0
153583,0.05,0
153608,0.25,0
153657,0.33,0
153676,2.77,0
153678,2.63,0
153690,0.22,0
153707,97.97,0
153736,0.5,0
153742,61.18,0
153745,6.1,0
153768,0.05,0
153791,74.53,0
153813,0.12,0
153814,7.68,0
153827,6.05,0
153860,1.22,0
153875,4.35,0
153923,63.68,0
153966,18.88,0
153991,33.72,0
154053,1.6,0
154064,0.63,0
154068,1.67,0
154075,72.03,0
154087,4.15,0
154135,0.52,0
154136,0.35,0
154140,0.08,0
154148,7.85,0
154150,0.37,0
154157,0.4,0
154205,1.87,0
154209,20.62,0
154244,1.42,0
154247,0.05,0
154252,9.93,0
154259,80.77,0
154260,0.12,0
154296,0.38,0
154329,0.58,0
154393,1.52,0
154395,8.02,0
154415,120.55,0
154480,0.87,0
154518,0.37,0
154596,6.07,0
154599,0.48,0
154645,20.53,0
154662,70.32,0
154669,0.05,0
154768,2.37,0
154837,18.83,0
154849,0.05,0
154898,0.33,0
154901,0.77,0
154925,64.42,0
154927,0.12,0
155003,1.83,0
155026,6.42,0
155071,7.07,0
155085,0.67,0
155097,5.08,0
155113,54.1,0
155155,1.47,0
155204,0.18,0
155225,0.82,0
155257,69.7,0
155269,0.6,0
155278,6,0
155300,22.32,0
155340,13.23,0
155364,2.27,0
155389,2.25,0
155424,50.9,0
155453,0.12,0
155502,70.87,0
155531,62.4,0
155537,42.18,0
155542,5.87,0
155557,6.05,0
155575,18.83,0
155589,67.43,0
155611,0.05,0
155639,0.67,0
155660,0.08,0
155676,0.08,0
155679,39.12,0
155685,2.73,0
155710,0.13,0
155760,11.62,0
155807,9.23,0
155828,2.27,0
155920,1.25,0
155921,4.52,0
155932,58.97,0
155940,55.42,0
156025,101.25,0
156048,5.6,0
156147,11.88,0
156151,0.57,0
156153,2.75,0
156178,11.45,0
156181,0.57,0
156197,19.13,0
156221,0.08,0
156265,3.8,0
156266,0.2,0
156270,0.98,0
156275,1.48,0
156278,2.05,0
156287,92.58,0
156308,0.07,0
156340,0.05,0
156371,0.1,0
156383,0.18,0
156385,1.12,0
156393,0.12,0
156401,0.33,0
156496,0.22,0
156528,0.75,0
156533,0.18,0
156535,0.22,0
156539,50.28,0
156546,0.25,0
156553,0.25,0
156562,0.4,0
156575,47.63,0
156586,2.93,0
156621,18.03,0
156733,1.05,0
156749,1.5,0
156754,75.22,0
156756,0.05,0
156802,3.88,0
156811,60.12,0
156829,0.47,0
156851,27.93,0
156857,25,0
156909,0.27,0
156926,6.4,0
156963,33.17,0
156990,41.73,0
157003,0.42,0
157011,0.33,0
157020,5.37,0
157022,31.28,0
157079,0.65,0
157097,6.08,0
157100,50.45,0
157103,0.73,0
157106,4.37,0
157129,0.17,0
157138,59.4,0
157168,80,0
157176,1.38,0
157187,0.52,0
157195,0.95,0
157197,2.83,0
157270,0.17,0
157286,12.45,0
157298,23.77,0
157312,69.33,0
157347,18.6,0
157351,1.03,0
157359,8,0
157363,0.67,0
157376,0.05,0
157386,0.52,0
157392,6.55,0
157396,62.35,0
157404,5.97,0
157431,0.3,0
157498,48.55,0
157508,8.37,0
157515,0.45,0
157542,17.85,0
157590,2.75,0
157591,1.97,0
157610,2.25,0
157611,92.73,0
157616,47.95,0
157645,1.9,0
157648,0.37,0
157691,12.48,0
157742,0.83,0
157751,76.28,0
157800,23.92,0
157815,0.27,0
157829,0.27,0
157866,7.77,0
157898,11.37,0
157927,0.23,0
157938,1.83,0
157959,37.85,0
157970,0.23,0
158036,6.12,0
158041,0.18,0
158047,0.2,0
158050,23.72,0
158129,62.4,0
158134,39.25,0
158136,43.7,0
158138,0.05,0
158145,19.2,0
158165,0.18,0
158177,0.95,0
158182,6.05,0
158185,42.72,0
158220,87.9,0
158236,6.45,0
158306,0.82,0
158344,0.33,0
158349,5.87,0
158371,5.2,0
158377,0.62,0
158379,1.53,0
158386,4.2,0
158395,0.98,0
158409,6.37,0
158452,42.53,0
158465,146.03,0
158544,0.63,0
158563,13.98,0
158597,77.43,0
158610,6.58,0
158628,1.2,0
158684,0.07,0
158693,5.73,0
158697,0.22,0
158753,121.23,0
158755,16.35,0
158760,5.97,0
21,0.08,0
548,0.12,0
777,0.05,0
1252,0.37,0
1613,2.75,0
1986,0.07,0
2125,0.13,0
3258,2.5,0
3711,8.13,0
3776,1.92,0
3993,4.37,0
4240,0.12,0
4264,0.27,0
4875,0.97,0
5016,12.05,0
5331,1.18,0
6012,6.45,0
6111,18.2,0
6452,3.2,0
6660,0.32,0
6813,0.25,0
7395,1.2,0
7414,13.2,0
7421,0.48,0
8083,0.13,0
8635,41.2,0
8835,157.73,0
9687,0.55,0
10837,27.58,0
11220,27.05,0
11887,71.92,0
12011,0.22,0
12634,13.73,0
12946,33.15,0
13008,4.9,0
13307,16.75,0
13487,0.05,0
13642,0.33,0
14310,89.45,0
16231,3.97,0
17632,19.42,0
17785,0.13,0
19128,103.65,0
19449,23.7,0
20455,1.35,0
20595,0.08,0
21559,0.22,0
24023,0.47,0
24159,0.07,0
24264,0.43,0
24720,0.1,0
25280,0.95,0
26907,12.22,0
27673,28.32,0
28080,0.13,0
31246,6.57,0
31490,5.2,0
32033,0.47,0
32178,0.67,0
33945,6.33,0
35148,0.27,0
38507,17.05,0
39073,0.28,0
40223,0.15,0
41418,0.48,0
52002,7.02,0
52523,85.02,0
52524,0.45,0
55030,1.95,0
57499,16,0
58447,0.25,0
59019,3.1,0
59695,0.07,0
64065,0.17,0
66308,0.42,0
67407,0.07,0
70359,0.8,0
74441,0.25,0
74934,7.02,0
75257,15,0
76408,2.47,0
81693,0.1,0
82608,0.13,0
83847,0.1,0
86428,0.05,0
99883,17.1,0
108299,0.05,0
108710,18.85,0
113947,0.08,0
117636,0.07,0
135358,0.22,0
138025,1.85,0
138989,43.58,0
142907,1.3,0
143508,6.68,0
143780,0.05,0
143982,30.18,0
144072,0.07,0
144199,0.38,0
144657,6.97,0
144750,0.83,0
144988,0.37,0
145023,0.18,0
145264,32.72,0
145610,3.1,0
146061,0.42,0
146092,23.98,0
146279,6.15,0
146306,86.8,0
146549,13.77,0
146847,115.83,0
146925,74.45,0
147131,0.15,0
147188,5.67,0
147215,10.38,0
147264,0.07,0
147370,41.65,0
147406,0.45,0
147412,0.15,0
147489,25.45,0
147656,7.92,0
147829,2.5,0
147925,0.6,0
147962,25.07,0
148012,0.5,0
148132,0.37,0
148142,45.72,0
148146,0.77,0
148180,0.05,0
148187,0.7,0
148189,0.68,0
148196,0.38,0
148200,0.08,0
148216,129.27,0
148220,0.1,0
148251,1.68,0
148252,55.52,0
148303,0.08,0
148333,20.28,0
148352,0.75,0
148353,0.48,0
148373,0.57,0
148374,6.53,0
148388,21.95,0
148400,0.67,0
148418,2.58,0
148452,11.03,0
148453,1.95,0
148466,0.2,0
148472,37.65,0
148479,12.82,0
148511,0.63,0
148552,0.15,0
148557,0.6,0
148564,0.6,0
148585,24.93,0
148589,0.43,0
148604,11.97,0
148608,5.42,0
148640,5.55,0
148642,28.25,0
148645,9.83,0
148664,1.12,0
148668,0.53,0
148730,0.37,0
148736,37.32,0
148760,61.78,0
148768,0.07,0
148794,0.72,0
148807,40.42,0
148816,2.7,0
148835,10.22,0
148836,36.08,0
148879,0.38,0
148895,10.08,0
148898,29.3,0
148903,40.22,0
148938,0.63,0
148977,80.47,0
148980,51.13,0
148982,0.22,0
148983,0.65,0
148997,0.05,0
148999,14.32,0
149017,0.63,0
149040,0.93,0
149050,89.32,0
149055,2.83,0
149084,0.23,0
149104,6.22,0
149115,12.37,0
149168,58.8,0
149178,5.42,0
149181,0.42,0
149210,0.08,0
149215,18.17,0
149245,3.98,0
149267,4.32,0
149305,16.48,0
149314,10.3,0
149322,3.17,0
149351,0.73,0
149378,24.17,0
149396,0.22,0
149424,9.1,0
149428,0.63,0
149434,0.4,0
149480,0.57,0
149521,6.78,0
149528,0.22,0
149563,2.83,0
149590,0.05,0
149601,14.8,0
149603,0.4,0
149609,0.07,0
149619,1.02,0
149693,0.53,0
149720,1,0
149732,1.42,0
149739,0.07,0
149742,14.23,0
149752,31.45,0
149847,1.32,0
149853,0.3,0
149940,0.62,0
149949,1.88,0
149969,2.9,0
149992,6.38,0
150004,46.58,0
150011,12.62,0
150024,0.45,0
150031,0.07,0
150036,74.87,0
150067,9.52,0
150070,9.62,0
150072,0.42,0
150170,5.95,0
150190,0.22,0
150215,6.17,0
150241,0.08,0
150252,7.97,0
150276,29.65,0
150278,78.75,0
150325,1.25,0
150329,0.2,0
150360,3,0
150363,0.12,0
150364,0.1,0
150369,0.13,0
150396,6.62,0
150398,3.53,0
150416,34.3,0
150430,0.08,0
150431,0.3,0
150435,0.35,0
150466,22.4,0
150497,0.12,0
150498,0.45,0
150504,0.62,0
150523,0.87,0
150542,24.03,0
150555,5.68,0
150558,0.18,0
150563,33.97,0
150568,3.27,0
150572,5.33,0
150586,10.57,0
150595,52.47,0
150611,0.25,0
150626,0.12,0
150647,0.53,0
150662,0.08,0
150693,0.42,0
150700,0.67,0
150712,15.73,0
150716,0.65,0
150723,8.58,0
150734,1.15,0
150740,0.05,0
150747,16.07,0
150790,0.48,0
150820,1.87,0
150838,66.7,0
150839,17,0
150845,48.85,0
150868,0.17,0
150869,40.95,0
150893,30.93,0
150897,0.07,0
150898,51.32,0
150927,1.2,0
150944,78.45,0
150952,43.25,0
150954,6.73,0
150993,17.08,0
151009,130.13,0
151017,110.87,0
151021,68.75,0
151030,26.68,0
151033,0.18,0
151051,2.62,0
151086,73.55,0
151089,0.05,0
151107,0.07,0
151119,22.47,0
151154,4.25,0
151179,0.12,0
151191,0.63,0
151261,4.6,0
151285,9.73,0
151302,1.88,0
151309,4.42,0
151362,0.13,0
151372,3.48,0
151383,1,0
151407,0.13,0
151410,0.98,0
151412,39.95,0
151426,3.9,0
151478,5.45,0
151480,19.47,0
151491,0.2,0
151539,0.73,0
151547,7.83,0
151577,30.68,0
151594,39.92,0
151597,28.25,0
151608,12.05,0
151626,52.9,0
151636,0.87,0
151644,0.07,0
151647,18.95,0
151741,0.22,0
151755,0.13,0
151757,29.1,0
151814,0.48,0
151831,0.1,0
151842,2.37,0
151856,63.65,0
151884,61.13,0
151900,58.25,0
151916,0.1,0
151918,32.98,0
151921,0.12,0
151944,0.22,0
151959,3.7,0
151976,6.1,0
152005,3.05,0
152023,2.98,0
152034,53.7,0
152063,0.1,0
152064,42.85,0
152096,75.07,0
152145,1.13,0
152159,57.23,0
152169,2.8,0
152170,1.08,0
152191,14.82,0
152221,0.28,0
152235,8.75,0
152246,0.07,0
152292,3.9,0
152307,5.47,0
152329,0.17,0
152333,5.78,0
152358,9.72,0
152384,0.93,0
152394,3.38,0
152407,63.32,0
152413,7.65,0
152427,0.92,0
152493,0.75,0
152516,0.1,0
152523,25.72,0
152534,0.65,0
152555,55.88,0
152558,0.12,0
152570,0.15,0
152575,0.75,0
152577,5.33,0
152644,41.77,0
152657,10.53,0
152681,23.18,0
152686,60.52,0
152725,3.97,0
152758,18.87,0
152771,13.07,0
152819,0.1,0
152866,0.3,0
152869,3.72,0
152876,5.42,0
152906,23.08,0
152907,0.25,0
152918,0.63,0
152930,0.1,0
152966,2.23,0
152971,5.75,0
152982,0.22,0
152983,0.15,0
152990,102.37,0
153002,1.72,0
153027,0.12,0
153035,55.77,0
153049,54.27,0
153061,0.52,0
153087,0.18,0
153094,38.45,0
153102,83.97,0
153108,8.98,0
153157,3.1,0
153220,6.2,0
153228,0.07,0
153237,0.08,0
153248,11.55,0
153251,0.07,0
153252,43.33,0
153268,9.07,0
153275,0.28,0
153284,57.53,0
153306,3.05,0
153321,0.05,0
153333,7.72,0
153355,6.02,0
153358,0.2,0
153419,6.03,0
153437,41.1,0
153522,6.18,0
153523,1.48,0
153559,43.92,0
153562,9.9,0
153566,29.4,0
153611,0.77,0
153646,1.22,0
153654,23.1,0
153662,103.97,0
153697,0.67,0
153710,31.57,0
153715,31.43,0
153743,49.6,0
153744,69.45,0
153780,144.6,0
153798,11.63,0
153809,10.27,0
153810,19.3,0
153812,0.68,0
153821,0.12,0
153822,46.25,0
153837,32.72,0
153863,0.05,0
153868,51.33,0
153873,0.55,0
153879,0.77,0
153882,0.08,0
153893,5.92,0
153900,25,0
153922,0.07,0
153941,0.18,0
153949,2.82,0
153981,12.68,0
154007,18.32,0
154013,87.48,0
154065,140.07,0
154080,14.42,0
154111,0.87,0
154125,1.25,0
154184,64.58,0
154186,0.4,0
154211,26.2,0
154216,0.18,0
154251,13.78,0
154254,138.9,0
154294,0.35,0
154327,54.08,0
154337,2.63,0
154349,6.03,0
154426,6,0
154444,5.93,0
154448,0.05,0
154466,38.93,0
154473,8.07,0
154519,1.32,0
154560,24.18,0
154573,22.88,0
154588,1.53,0
154608,11.83,0
154618,0.5,0
154636,16.35,0
154729,8.88,0
154762,0.05,0
154791,0.17,0
154836,3.43,0
154841,0.65,0
154884,17.82,0
154896,1.13,0
154932,10.05,0
154940,0.13,0
154943,6.2,0
154991,0.12,0
154999,0.25,0
155038,1.45,0
155088,10.22,0
155112,4.77,0
155124,0.97,0
155172,1.65,0
155262,24.68,0
155289,43.02,0
155357,0.05,0
155383,4.37,0
155390,0.12,0
155495,1.28,0
155580,0.05,0
155614,34.37,0
155706,0.2,0
155713,31.1,0
155716,1.45,0
155735,84.8,0
155817,77.47,0
155840,17.82,0
155888,0.17,0
155906,27.95,0
155927,11.5,0
155945,6.07,0
155948,4.62,0
156040,1.27,0
156059,0.33,0
156086,11.68,0
156099,15.63,0
156115,9.92,0
156185,0.22,0
156195,32.8,0
156198,3.37,0
156225,23.95,0
156237,18.77,0
156264,0.57,0
156280,36.67,0
156282,78.7,0
156283,44.25,0
156332,0.98,0
156369,6.22,0
156378,0.33,0
156452,0.1,0
156459,0.15,0
156479,9.98,0
156497,0.07,0
156515,0.08,0
156517,7.55,0
156529,0.05,0
156532,6.32,0
156557,17.95,0
156563,8.9,0
156585,1.67,0
156589,25.95,0
156599,1.33,0
156617,98.53,0
156620,0.45,0
156633,5.13,0
156635,0.37,0
156636,0.63,0
156666,32.25,0
156682,4.52,0
156768,16.57,0
156785,0.3,0
156875,3.97,0
156911,19.97,0
156913,65.67,0
156915,7.85,0
156951,31.95,0
156957,1.57,0
156969,0.45,0
156991,2.67,0
156997,0.75,0
157004,69.57,0
157025,7.35,0
157040,13.55,0
157043,26.13,0
157064,0.55,0
157081,17.13,0
157087,3.97,0
157093,0.53,0
157111,0.1,0
157148,0.15,0
157190,11.93,0
157203,5.72,0
157212,33.8,0
157245,0.1,0
157252,1.58,0
157255,6.12,0
157259,6.2,0
157260,0.07,0
157265,66.05,0
157346,18.77,0
157372,1.78,0
157432,0.53,0
157442,1.5,0
157452,2.8,0
157468,3.7,0
157516,10.55,0
157519,0.3,0
157549,2.7,0
157558,6.82,0
157565,63.17,0
157575,4.05,0
157614,27.2,0
157621,0.08,0
157634,0.07,0
157685,0.1,0
157696,71.48,0
157709,18.37,0
157769,82.17,0
157770,0.55,0
157813,0.08,0
157826,9.27,0
157848,5.25,0
157875,42.35,0
157896,1.2,0
157902,64.52,0
157920,0.8,0
157929,0.68,0
157940,1.03,0
158004,0.5,0
158035,39.48,0
158048,16.62,0
158125,27.78,0
158130,1.93,0
158137,2.42,0
158153,10.92,0
158154,22.85,0
158193,4.23,0
158201,0.37,0
158202,7.35,0
158215,12.18,0
158228,0.05,0
158238,6.63,0
158244,30.98,0
158250,9.65,0
158271,2.9,0
158280,23.47,0
158298,0.12,0
158308,0.05,0
158314,5.95,0
158317,0.8,0
158318,18.92,0
158361,3.23,0
158369,15.85,0
158373,0.35,0
158382,45.7,0
158399,0.08,0
158401,6.03,0
158421,5.57,0
158423,1.42,0
158447,66.35,0
158500,22.97,0
158504,0.23,0
158515,79.27,0
158527,1.6,0
158535,0.83,0
158547,0.05,0
158586,22.55,0
158604,0.3,0
158615,0.15,0
158637,2.75,0
158639,6.02,0
158652,0.9,0
158670,0.12,0
158679,25.5,0
158698,0.22,0
158714,0.2,0
158716,0.55,0
158719,23.65,0
158731,18.8,0
158742,26.78,0
158761,72.63,0
612,0.05,0
665,2.53,0
1543,8.18,0
1843,27.77,0
1876,0.03,0
2000,59.7,0
2147,105.37,0
2247,0.45,0
2418,0.57,0
2539,0.37,0
2644,157.17,0
2746,20.53,0
2901,0.7,0
3129,0.18,0
3808,0.05,0
4016,21.2,0
4881,2.57,0
5287,2.9,0
5538,0.13,0
6254,0.15,0
6368,42.02,0
6403,0.18,0
6619,9.12,0
7584,1.2,0
7909,0.08,0
8197,0.3,0
8633,0.15,0
8709,1.3,0
9047,129.62,0
9099,2.07,0
10149,17.67,0
10306,6.3,0
10587,10.67,0
10890,6.03,0
11025,7.53,0
11829,57.45,0
11934,38.32,0
12205,4.28,0
12446,12.9,0
12544,5.05,0
12807,18.77,0
12891,0.05,0
13211,0.15,0
14512,0.1,0
14942,3.6,0
16165,22.32,0
18012,0.38,0
19548,6.7,0
19878,11.62,0
20041,0.97,0
21433,4,0
21844,14.52,0
22194,10.37,0
22821,1.92,0
22961,0.15,0
24121,4.12,0
24564,15.08,0
24731,0.08,0
25966,0.32,0
27775,5.08,0
28630,4.93,0
32008,0.07,0
33001,0.1,0
33090,0.32,0
34394,0.08,0
36902,2.52,0
37381,0.08,0
41789,0.48,0
41949,33.12,0
51686,0.12,0
51695,0.15,0
53809,1.32,0
54875,0.05,0
56125,0.13,0
57060,0.05,0
58737,0.07,0
59459,3.68,0
60149,0.6,0
62255,4.13,0
64044,0.32,0
70982,1.3,0
72596,20.13,0
73239,0.05,0
74663,2.97,0
76251,0.05,0
77476,36.55,0
79529,0.05,0
83956,19.98,0
86032,0.13,0
89299,23.08,0
90983,0.07,0
93079,0.22,0
98895,0.17,0
99032,6.08,0
99611,0.35,0
105389,1.02,0
109018,2.15,0
113456,16.58,0
113816,0.08,0
122649,5.37,0
124444,55.78,0
125478,3.23,0
136673,0.8,0
136857,7.97,0
138384,0.05,0
139699,5.92,0
142822,0.12,0
144333,1.77,0
144397,37.23,0
144558,52.93,0
144692,3.23,0
144771,4.62,0
145085,20.85,0
145401,0.07,0
145516,1.48,0
145902,2.67,0
145930,16.05,0
145968,0.7,0
146012,28.3,0
146120,1.88,0
146129,0.55,0
146675,1.45,0
146778,2.03,0
146816,0.67,0
146929,2.33,0
147046,0.13,0
147080,57.22,0
147089,7.78,0
147262,30.07,0
147421,10.98,0
147558,23.48,0
147650,0.2,0
147748,1.6,0
147768,1.87,0
147796,49.93,0
147933,0.55,0
148059,153.3,0
148079,8.72,0
148135,0.18,0
148153,0.48,0
148156,0.03,0
148172,0.85,0
148173,13.38,0
148174,0.47,0
148182,33.2,0
148197,0.92,0
148215,1.13,0
148234,59.58,0
148236,78.65,0
148240,6.15,0
148254,83.9,0
148255,0.2,0
148261,3.4,0
148269,15.93,0
148275,10.57,0
148295,4.75,0
148361,8.72,0
148394,0.2,0
148413,3.65,0
148415,0.4,0
148431,32.48,0
148435,6.07,0
148443,16.13,0
148458,5.17,0
148482,1.08,0
148509,1.9,0
148521,0.68,0
148534,9.67,0
148537,0.78,0
148573,0.07,0
148583,0.1,0
148594,0.07,0
148622,0.37,0
148636,51.47,0
148658,0.08,0
148661,0.5,0
148675,6.48,0
148694,10.38,0
148735,83.22,0
148739,15.8,0
148747,25.8,0
148761,1.77,0
148773,1.18,0
148811,0.58,0
148819,4.78,0
148824,4.15,0
148841,0.2,0
148897,48.72,0
148904,0.4,0
148920,0.05,0
148923,97.68,0
148981,5.45,0
148993,10.82,0
148994,61.97,0
149051,0.75,0
149062,0.95,0
149068,5.28,0
149100,18.47,0
149101,20.77,0
149113,1.88,0
149116,0.88,0
149126,0.22,0
149133,5.18,0
149139,0.93,0
149165,0.88,0
149207,0.43,0
149221,0.83,0
149227,0.08,0
149239,0.93,0
149258,0.83,0
149262,66.33,0
149276,52.68,0
149375,5.2,0
149392,1.07,0
149394,0.12,0
149412,21.72,0
149414,0.23,0
149419,0.57,0
149446,2.03,0
149453,0.82,0
149543,0.38,0
149580,40.28,0
149595,30.3,0
149596,0.12,0
149639,0.9,0
149655,63.08,0
149657,0.08,0
149691,0.05,0
149717,0.08,0
149740,25.62,0
149741,35.3,0
149758,35.02,0
149760,50.43,0
149762,7.72,0
149772,5.37,0
149777,0.07,0
149778,9.27,0
149830,10.98,0
149851,1.05,0
149854,11.68,0
149865,0.92,0
149869,0.08,0
149904,70.18,0
149936,5.37,0
149942,28.28,0
149945,0.12,0
149948,0.45,0
149956,8.07,0
149982,50.8,0
149984,26.75,0
150034,65.87,0
150056,22.2,0
150095,12.07,0
150102,6.18,0
150178,0.13,0
150187,1.1,0
150197,7.22,0
150212,7.67,0
150223,0.18,0
150247,0.12,0
150311,6.75,0
150324,3.23,0
150342,0.27,0
150343,0.13,0
150384,1.05,0
150386,0.27,0
150405,4.1,0
150415,0.65,0
150442,0.73,0
150448,45.45,0
150463,0.23,0
150465,0.67,0
150471,0.13,0
150477,8.52,0
150481,60.48,0
150489,12.67,0
150524,15.73,0
150533,26.05,0
150545,0.22,0
150561,0.8,0
150579,68.93,0
150612,0.05,0
150637,0.1,0
150696,0.15,0
150710,24.4,0
150719,8.32,0
150749,0.3,0
150776,0.32,0
150782,0.45,0
150799,0.5,0
150816,107.23,0
150823,1.03,0
150830,13.33,0
150844,12.28,0
150874,0.85,0
150894,0.15,0
150921,0.62,0
150931,0.88,0
150945,1.03,0
150950,24.38,0
150957,7.6,0
150989,8.9,0
150995,55.15,0
151038,21.7,0
151041,0.18,0
151047,0.23,0
151060,48.18,0
151095,0.33,0
151128,0.23,0
151133,0.23,0
151164,5.63,0
151196,0.47,0
151199,1.6,0
151201,0.08,0
151219,39.63,0
151228,58.03,0
151271,4.5,0
151286,0.08,0
151294,55.97,0
151296,14.8,0
151317,0.38,0
151379,7.42,0
151386,54.63,0
151397,1.77,0
151414,7.7,0
151419,54.97,0
151440,4.7,0
151444,0.27,0
151473,5.35,0
151474,4.7,0
151511,77.77,0
151513,49.22,0
151530,1.2,0
151571,43.07,0
151580,13.32,0
151585,5.53,0
151588,23.1,0
151635,0.42,0
151650,62.65,0
151670,59.67,0
151674,0.23,0
151685,109.23,0
151686,0.4,0
151768,6.18,0
151808,0.47,0
151817,9.95,0
151819,67.6,0
151820,1.38,0
151830,0.05,0
151834,78.22,0
151844,10.4,0
151863,98.95,0
151867,0.1,0
151873,0.47,0
151908,57.13,0
151920,8.38,0
151951,1.02,0
151963,0.68,0
151992,4.32,0
151997,9.72,0
152053,0.93,0
152057,2.18,0
152129,6.38,0
152137,0.05,0
152151,1.97,0
152154,0.75,0
152216,64.87,0
152220,0.05,0
152240,57.5,0
152291,83.3,0
152326,6.13,0
152345,19.88,0
152376,0.08,0
152383,5.48,0
152385,0.5,0
152442,4.97,0
152460,27.8,0
152474,8.22,0
152505,13.63,0
152535,5.87,0
152539,0.55,0
152541,49.62,0
152549,53.15,0
152583,9.97,0
152599,47.7,0
152626,0.07,0
152629,0.12,0
152650,1.68,0
152660,0.35,0
152677,155.5,0
152720,7.87,0
152723,0.05,0
152732,37.8,0
152739,33.27,0
152741,2.87,0
152744,0.42,0
152760,0.07,0
152767,4.27,0
152769,1.12,0
152781,1.07,0
152796,0.07,0
152844,1.6,0
152850,13.07,0
152851,6,0
152853,0.48,0
152887,4.45,0
152928,1.45,0
152944,15.7,0
152959,11.45,0
152988,79.63,0
153018,0.07,0
153029,0.18,0
153032,0.15,0
153041,29.03,0
153045,0.57,0
153052,4.55,0
153056,9.08,0
153063,8.23,0
153070,7.78,0
153072,16.42,0
153077,46.08,0
153095,0.08,0
153101,0.08,0
153109,0.45,0
153115,4.2,0
153217,54.58,0
153235,0.13,0
153244,31.4,0
153246,0.2,0
153253,2.65,0
153254,108.62,0
153292,0.05,0
153311,20.05,0
153314,22.88,0
153327,0.05,0
153347,32.1,0
153357,64.8,0
153368,0.98,0
153373,40.03,0
153391,0.05,0
153401,5.03,0
153507,0.07,0
153520,3.17,0
153527,0.35,0
153528,28.07,0
153536,2.03,0
153540,0.07,0
153548,0.22,0
153571,12.37,0
153573,11.72,0
153575,2.62,0
153584,2.08,0
153642,0.2,0
153679,13.43,0
153757,0.05,0
153777,7.58,0
153841,125.13,0
153866,0.97,0
153874,0.25,0
153877,1.6,0
153925,38.88,0
153930,0.2,0
153997,0.05,0
154056,16.78,0
154067,3.7,0
154130,0.3,0
154141,0.05,0
154173,12.63,0
154177,61.57,0
154242,0.67,0
154253,0.27,0
154301,25.7,0
154312,88.4,0
154323,6.03,0
154345,0.05,0
154358,8.27,0
154367,45.47,0
154384,1.35,0
154398,0.05,0
154419,2.4,0
154428,2.75,0
154430,14.32,0
154434,0.2,0
154439,4.45,0
154525,0.38,0
154549,0.12,0
154565,0.38,0
154597,0.22,0
154631,1.9,0
154633,4.12,0
154634,1.2,0
154635,6.08,0
154649,22.8,0
154697,0.78,0
154719,0.08,0
154735,33.58,0
154760,80.07,0
154790,8.78,0
154825,7.72,0
154858,0.67,0
154861,12.77,0
154894,1.08,0
154903,2.58,0
154938,44.85,0
154942,1.77,0
154972,5.23,0
154992,10.33,0
155015,0.35,0
155028,55.88,0
155047,61.83,0
155079,0.12,0
155103,83.77,0
155117,3.03,0
155168,2.95,0
155213,3.2,0
155267,0.15,0
155277,0.05,0
155312,0.55,0
155315,0.07,0
155350,0.15,0
155384,18.93,0
155409,0.37,0
155425,9.9,0
155435,30.07,0
155442,12.85,0
155457,8.87,0
155463,2.67,0
155480,110.33,0
155496,0.1,0
155499,32.77,0
155540,9.92,0
155555,0.25,0
155592,3.6,0
155641,6.42,0
155689,0.15,0
155692,1.17,0
155708,32.2,0
155726,1.23,0
155731,43.2,0
155772,28.9,0
155787,51.2,0
155939,0.05,0
155950,91.3,0
155952,2.88,0
156137,25.65,0
156144,0.45,0
156175,3.43,0
156183,0.05,0
156196,50.6,0
156216,16.18,0
156248,3.42,0
156249,1.1,0
156252,0.08,0
156284,2.32,0
156307,0.6,0
156313,86.32,0
156315,8.25,0
156345,17.15,0
156363,0.05,0
156405,2.82,0
156410,0.67,0
156443,3.2,0
156451,12.48,0
156476,0.05,0
156514,10.6,0
156526,2.85,0
156555,5.78,0
156590,7.38,0
156669,52.33,0
156678,0.05,0
156698,1.68,0
156700,59.75,0
156712,20.22,0
156718,2.65,0
156729,54.57,0
156755,5.05,0
156763,0.07,0
156766,0.17,0
156769,0.18,0
156790,1.22,0
156793,0.12,0
156794,2.42,0
156795,18.32,0
156800,28.05,0
156821,0.07,0
156853,29.47,0
156868,0.33,0
156873,2.3,0
156887,0.05,0
156890,2.58,0
156914,1.95,0
156919,6.03,0
156956,18.43,0
156964,60.43,0
156973,0.9,0
156978,8.88,0
156983,0.15,0
156984,6.17,0
156988,0.67,0
156999,11.18,0
157028,1.65,0
157030,28.7,0
157044,42.88,0
157052,1.67,0
157065,97.58,0
157070,0.48,0
157074,0.35,0
157092,0.28,0
157105,6.22,0
157121,1.22,0
157155,0.25,0
157158,18.45,0
157165,1.6,0
157189,17.32,0
157220,0.4,0
157268,0.97,0
157279,13.17,0
157330,0.93,0
157332,2.27,0
157379,56.55,0
157397,25.75,0
157400,11.37,0
157415,20.43,0
157448,0.52,0
157450,0.13,0
157466,0.67,0
157499,0.8,0
157573,9.88,0
157592,0.83,0
157622,0.62,0
157643,66.58,0
157656,6.57,0
157687,0.63,0
157689,0.8,0
157704,1.02,0
157727,3.57,0
157736,59.92,0
157745,10.08,0
157772,0.35,0
157785,0.67,0
157787,0.33,0
157795,0.07,0
157850,2.73,0
157863,5.88,0
157871,0.05,0
157872,0.22,0
157887,0.35,0
157889,116.52,0
157930,0.13,0
157950,0.9,0
157951,0.2,0
157952,6.73,0
157956,25.02,0
157984,0.67,0
157986,75.32,0
157995,1.87,0
158008,0.17,0
158009,7.6,0
158021,0.05,0
158044,31.78,0
158108,0.27,0
158113,68.52,0
158117,8.25,0
158155,0.05,0
158164,20.38,0
158166,50.48,0
158167,1.97,0
158170,18.43,0
158180,1.4,0
158237,7.93,0
158259,0.67,0
158294,0.83,0
158299,0.63,0
158307,36.78,0
158322,54.1,0
158324,1.43,0
158331,10.6,0
158332,14.15,0
158337,9.57,0
158346,0.68,0
158355,0.25,0
158363,0.1,0
158375,5.05,0
158400,7.05,0
158402,1.97,0
158428,5.55,0
158434,4.47,0
158435,0.77,0
158449,0.88,0
158470,24.4,0
158485,0.37,0
158492,22.73,0
158493,0.57,0
158497,0.8,0
158562,0.47,0
158565,4.15,0
158589,0.05,0
158607,0.63,0
158612,0.52,0
158667,0.13,0
158675,0.73,0
158696,2.63,0
19,2.45,0
609,0.57,0
1075,4.27,0
1476,35.95,0
2462,7.22,0
2520,1.37,0
2897,0.43,0
3227,3,0
3437,101.35,0
3569,35.2,0
4029,0.05,0
4032,1.2,0
4648,33.12,0
5548,13.63,0
6175,0.35,0
6336,5.73,0
6426,0.12,0
6617,0.28,0
7201,0.1,0
7316,0.07,0
7690,71.83,0
8413,0.78,0
9280,0.92,0
9594,0.15,0
10188,14.25,0
10547,0.13,0
11345,0.37,0
11484,12.68,0
11598,0.13,0
11826,3.67,0
12128,0.53,0
12246,1.45,0
12780,0.05,0
13621,0.15,0
13812,1.45,0
13929,0.05,0
14446,6.28,0
14590,2.4,0
15481,0.12,0
15794,0.1,0
15874,0.07,0
17006,0.05,0
18004,7.3,0
18204,0.12,0
18710,0.08,0
19858,0.07,0
20228,0.15,0
20420,59.03,0
20777,34.37,0
20824,3.72,0
20885,4.63,0
22274,66.63,0
22708,0.35,0
24485,21.38,0
24739,7.85,0
24748,1.37,0
27851,1.1,0
30636,0.07,0
31021,0.05,0
31366,51.82,0
31780,61.3,0
32882,1.6,0
32918,0.08,0
33178,0.07,0
34619,0.05,0
34719,6.6,0
35335,0.8,0
36784,0.1,0
38481,9.03,0
39002,16.63,0
40735,0.05,0
41920,35.25,0
42092,0.2,0
45277,45.77,0
46421,0.2,0
48515,0.77,0
50836,64.02,0
50954,5.4,0
53862,52.85,0
56047,13.25,0
56235,43.27,0
57113,69.68,0
63982,0.67,0
65552,7.87,0
71422,0.38,0
73462,19.23,0
76875,0.05,0
77001,0.13,0
81089,0.2,0
84962,0.17,0
88542,0.08,0
91864,0.15,0
92809,2.73,0
97218,0.55,0
98698,5.75,0
104453,8.05,0
108285,0.05,0
124913,0.45,0
127114,9.98,0
135127,7.1,0
136298,0.2,0
138404,42.1,0
139468,0.17,0
139683,74.95,0
141543,0.15,0
141567,0.35,0
142447,2.35,0
144296,0.05,0
144321,0.28,0
144327,10.38,0
144355,25.15,0
144472,5.68,0
144572,8.62,0
144999,1.57,0
145376,1.13,0
145559,159.02,0
145781,65.03,0
145933,10.7,0
146316,0.32,0
146632,0.18,0
146797,67.07,0
146965,3.45,0
146967,9.17,0
147055,2.05,0
147144,4.67,0
147147,13.57,0
147157,30.6,0
147466,0.12,0
147787,4.97,0
147862,0.65,0
147891,5.43,0
147898,11.62,0
148175,0.58,0
148184,142.53,0
148185,0.23,0
148208,1.32,0
148214,21.05,0
148217,24.98,0
148224,0.18,0
148237,0.33,0
148278,40.27,0
148281,0.85,0
148299,4.62,0
148302,32.1,0
148312,81.98,0
148328,0.93,0
148355,33.38,0
148368,7.08,0
148370,1.25,0
148381,66.72,0
148393,1.63,0
148399,0.42,0
148407,0.32,0
148409,0.6,0
148428,0.78,0
148429,13.8,0
148446,8.4,0
148462,0.07,0
148491,66.42,0
148494,0.57,0
148501,0.15,0
148510,7.33,0
148515,0.22,0
148518,0.08,0
148535,29.75,0
148536,18.32,0
148540,0.77,0
148634,0.9,0
148666,0.23,0
148676,5.12,0
148701,29.47,0
148711,0.15,0
148713,0.15,0
148714,15.7,0
148740,35.6,0
148741,0.43,0
148746,1,0
148802,25.92,0
148805,13.38,0
148813,98.53,0
148847,54.75,0
148941,4.5,0
148942,1.07,0
148988,33.87,0
149002,85.1,0
149005,0.5,0
149010,20.55,0
149046,1.4,0
149053,3.77,0
149059,6.8,0
149061,0.08,0
149074,1.97,0
149118,3.33,0
149173,10.1,0
149232,0.08,0
149254,0.17,0
149275,0.08,0
149329,9.35,0
149335,10.45,0
149342,0.23,0
149370,0.68,0
149377,1.75,0
149382,64.72,0
149423,13.75,0
149438,0.75,0
149467,0.25,0
149470,7.2,0
149472,85.1,0
149485,1.95,0
149533,0.72,0
149538,32.77,0
149542,1.08,0
149559,2.23,0
149593,0.17,0
149599,5.52,0
149606,5.85,0
149613,0.15,0
149620,42.03,0
149647,0.78,0
149656,17.73,0
149667,9.65,0
149702,20.7,0
149713,9.05,0
149722,0.6,0
149734,0.12,0
149747,0.22,0
149753,8.98,0
149757,11.95,0
149766,6.48,0
149780,0.17,0
149788,20.33,0
149790,0.38,0
149794,0.07,0
149798,15.53,0
149801,50.35,0
149868,4.18,0
149906,73.4,0
149957,0.83,0
149968,0.07,0
149974,32.6,0
149976,0.07,0
149977,23.33,0
149991,1.12,0
149996,0.15,0
150002,24.73,0
150009,0.12,0
150012,14.7,0
150049,0.67,0
150068,0.35,0
150093,15.25,0
150122,10.43,0
150126,24.72,0
150155,0.07,0
150159,3.23,0
150185,1.82,0
150186,6.03,0
150191,0.15,0
150209,6.57,0
150221,6.27,0
150255,119.57,0
150260,0.08,0
150277,66.2,0
150334,0.65,0
150347,0.07,0
150356,69.07,0
150383,0.07,0
150387,0.05,0
150391,0.07,0
150402,1.02,0
150417,0.88,0
150426,58.53,0
150492,0.7,0
150525,0.72,0
150546,1.18,0
150571,1.12,0
150652,66.48,0
150670,0.75,0
150711,0.2,0
150724,1.05,0
150866,0.18,0
150880,1.32,0
150884,0.07,0
150910,55.95,0
150923,55.93,0
150925,0.08,0
150999,0.88,0
151029,0.23,0
151036,142.58,0
151073,49.13,0
151093,0.08,0
151102,13.25,0
151112,1.33,0
151115,41.18,0
151116,25.68,0
151144,1.58,0
151145,2.82,0
151166,4.55,0
151209,74.45,0
151234,26.53,0
151299,0.3,0
151301,3.42,0
151316,5.65,0
151324,0.12,0
151329,1.58,0
151339,0.8,0
151375,84.38,0
151388,47.17,0
151409,5.37,0
151434,0.38,0
151437,2.03,0
151464,0.57,0
151496,7.45,0
151497,0.67,0
151538,8.02,0
151544,2.73,0
151561,52.25,0
151602,3.28,0
151621,0.27,0
151719,62.77,0
151748,0.08,0
151761,1.77,0
151772,4.53,0
151774,0.85,0
151777,2.68,0
151781,35.82,0
151787,12.65,0
151815,0.9,0
151917,0.77,0
151926,0.05,0
151932,0.18,0
151977,1.38,0
151979,54.35,0
151986,0.65,0
151990,16.77,0
151996,11.15,0
152007,5.08,0
152013,0.07,0
152020,28.98,0
152027,1.85,0
152071,0.75,0
152072,0.9,0
152076,0.08,0
152088,16.77,0
152175,71.2,0
152180,6,0
152182,1.2,0
152201,10.02,0
152229,2.22,0
152332,15.23,0
152355,2.12,0
152367,4.9,0
152409,11.02,0
152411,0.1,0
152419,5.55,0
152430,19.47,0
152436,1.23,0
152459,11.38,0
152477,1.92,0
152519,20.27,0
152586,10.7,0
152595,0.55,0
152603,1.92,0
152627,8.15,0
152672,0.68,0
152678,0.12,0
152683,53.42,0
152690,63.05,0
152705,56.37,0
152728,5.57,0
152734,9.05,0
152743,48.88,0
152756,7.75,0
152765,42.13,0
152793,25.23,0
152804,21.53,0
152813,17.65,0
152821,66.55,0
152833,5.05,0
152857,5.72,0
152860,6.83,0
152865,0.08,0
152873,0.07,0
152874,0.4,0
152890,8.42,0
152911,0.15,0
152917,0.07,0
152924,69.73,0
152955,0.18,0
152993,25.42,0
153012,0.65,0
153023,0.1,0
153024,2.38,0
153031,14.12,0
153046,0.47,0
153062,14.38,0
153090,0.22,0
153093,2.42,0
153096,0.18,0
153097,0.78,0
153110,0.23,0
153117,96.32,0
153120,0.77,0
153145,0.25,0
153149,1.1,0
153208,16.93,0
153219,81.05,0
153249,0.15,0
153280,59.68,0
153336,0.07,0
153337,53.37,0
153339,16.55,0
153354,21.77,0
153364,11.32,0
153378,13.62,0
153400,0.77,0
153407,61.45,0
153416,1,0
153429,0.55,0
153438,5.1,0
153491,1.03,0
153499,18.42,0
153560,1.17,0
153564,66.22,0
153587,0.08,0
153603,22.03,0
153638,1.52,0
153670,0.35,0
153675,2.12,0
153687,0.22,0
153694,0.48,0
153712,7.43,0
153717,1.17,0
153723,1.85,0
153759,0.7,0
153761,0.8,0
153767,2.85,0
153771,31.72,0
153772,0.22,0
153805,45.63,0
153831,0.07,0
153871,0.8,0
153886,48.22,0
153913,0.53,0
153944,0.25,0
153970,41,0
154014,0.13,0
154045,63.65,0
154052,20.72,0
154057,35.52,0
154060,0.42,0
154084,1.02,0
154109,8.48,0
154126,12.03,0
154189,4.92,0
154210,0.48,0
154258,27.23,0
154295,36.65,0
154307,7.33,0
154322,30.02,0
154342,9.88,0
154350,0.78,0
154374,18.32,0
154385,0.95,0
154418,0.8,0
154420,5.67,0
154443,0.93,0
154447,0.07,0
154450,2.23,0
154495,10.68,0
154498,0.38,0
154512,1.95,0
154530,80.72,0
154538,0.7,0
154545,0.07,0
154554,0.17,0
154569,32.65,0
154575,0.33,0
154611,8.95,0
154667,2.4,0
154686,2.37,0
154714,0.28,0
154724,0.2,0
154751,0.13,0
154753,0.08,0
154765,99.53,0
154799,36.6,0
154820,2.48,0
154838,18.27,0
154864,55.23,0
154866,93.12,0
154868,1.77,0
154875,5.57,0
154913,0.08,0
154918,7.4,0
155006,11.25,0
155018,15.4,0
155074,11.9,0
155077,13.12,0
155086,6.08,0
155093,1.48,0
155095,31.77,0
155114,0.22,0
155154,60.65,0
155186,0.17,0
155214,0.42,0
155242,4.12,0
155252,0.1,0
155281,5.07,0
155283,0.18,0
155285,7.42,0
155320,13.63,0
155321,8.25,0
155335,6.37,0
155365,2.98,0
155405,99.87,0
155410,32.4,0
155419,38.98,0
155520,13.83,0
155587,0.08,0
155622,0.67,0
155693,23.67,0
155701,1.4,0
155733,2.22,0
155739,0.08,0
155800,19.42,0
155826,1.42,0
155872,9.27,0
155928,26.05,0
155935,18.35,0
155953,47.68,0
155988,6.12,0
156033,0.07,0
156081,0.8,0
156170,6.22,0
156228,30.78,0
156258,20.87,0
156259,0.35,0
156286,6.48,0
156302,1.32,0
156316,5.37,0
156326,0.05,0
156333,0.67,0
156338,158.4,0
156341,0.18,0
156370,0.42,0
156379,0.2,0
156381,23.65,0
156398,0.5,0
156458,4.1,0
156472,56.62,0
156477,3.1,0
156480,0.05,0
156558,0.13,0
156559,20.17,0
156601,0.72,0
156622,6.03,0
156627,1.4,0
156645,0.52,0
156646,11.97,0
156689,0.78,0
156724,5.28,0
156731,2.78,0
156736,0.45,0
156737,1.15,0
156823,61.38,0
156867,0.63,0
156876,52.08,0
156886,0.33,0
156893,80.98,0
156899,10.3,0
156930,0.07,0
156953,25.72,0
156987,2.08,0
157026,0.38,0
157062,0.47,0
157069,0.28,0
157086,6.75,0
157107,6.4,0
157120,77.22,0
157130,36.82,0
157143,118.6,0
157163,9.92,0
157173,0.07,0
157192,0.2,0
157205,30.02,0
157251,0.42,0
157266,3.37,0
157289,0.67,0
157295,46.25,0
157319,11.45,0
157343,5.4,0
157354,0.17,0
157358,6.42,0
157371,61.87,0
157385,69.23,0
157389,79.67,0
157455,25.58,0
157457,22.68,0
157460,4.23,0
157464,11.22,0
157489,60.92,0
157512,0.33,0
157518,17.38,0
157522,56.07,0
157531,8.88,0
157553,0.87,0
157602,6.03,0
157605,5.58,0
157620,0.67,0
157623,0.12,0
157638,3.83,0
157639,25.2,0
157641,80.9,0
157666,4.45,0
157707,0.13,0
157712,36.68,0
157780,23.35,0
157811,4.28,0
157831,7.28,0
157839,2.45,0
157843,105.85,0
157876,19.92,0
157884,4.07,0
157886,0.13,0
157894,9.6,0
157939,1.13,0
157944,0.37,0
157948,59.67,0
157962,10.98,0
157999,0.2,0
158001,2.03,0
158013,1,0
158060,0.07,0
158095,40.08,0
158100,0.37,0
158101,0.27,0
158107,31.92,0
158110,0.52,0
158115,4.72,0
158126,3.48,0
158160,1.6,0
158163,2.87,0
158174,21.8,0
158199,10.02,0
158209,1.48,0
158210,28.95,0
158222,4.87,0
158227,1.28,0
158251,0.18,0
158265,111.33,0
158273,0.37,0
158281,0.07,0
158289,1.42,0
158291,1.35,0
158335,25.12,0
158426,0.07,0
158499,0.27,0
158526,1.42,0
158600,38.28,0
158608,0.77,0
158640,0.48,0
158694,3.03,0
158727,2.78,0
158745,0.15,0
158750,0.37,0
158762,0.05,0
66,0.72,0
132,71.92,0
606,18.12,0
615,18.93,0
895,18.45,0
1020,0.83,0
1233,16.77,0
1805,0.43,0
1882,11.3,0
1965,13.67,0
1967,0.07,0
2608,6.1,0
3107,27.43,0
3670,2.67,0
3761,9.18,0
4818,33.58,0
5069,6.58,0
5225,0.07,0
5377,0.1,0
5592,0.13,0
5750,0.38,0
5882,4.72,0
5891,7.33,0
6453,19.73,0
6598,35.17,0
7400,9.5,0
7455,0.1,0
7588,8.63,0
8086,0.05,0
8275,62.65,0
8398,8.68,0
8431,1.62,0
9151,6.08,0
9237,165.47,0
9248,0.27,0
9293,17.27,0
10070,0.45,0
10379,138.87,0
11020,41.17,0
11112,6.98,0
11991,4.92,0
12237,7.1,0
12372,0.32,0
12668,1.27,0
13128,6.78,0
14211,8.53,0
14369,0.67,0
15705,0.18,0
16565,6.4,0
18311,1.32,0
18700,4.13,0
20125,3.35,0
20218,0.82,0
21827,0.08,0
22774,4.38,0
23609,0.15,0
24597,0.17,0
24774,0.05,0
25103,0.18,0
25769,7.38,0
26002,7.48,0
26179,49.25,0
27780,0.67,0
28322,0.27,0
29740,0.85,0
30084,0.05,0
30195,41.82,0
30556,0.08,0
31491,0.58,0
38232,1.33,0
39688,109.42,0
39769,0.2,0
41627,1,0
41851,0.05,0
43115,137.65,0
45417,11.07,0
48510,0.08,0
49639,2.48,0
52892,0.4,0
54036,0.62,0
61522,0.05,0
61806,0.63,0
62440,0.35,0
62471,0.05,0
62841,0.05,0
63538,0.1,0
65857,107.72,0
67824,1.85,0
68107,1.92,0
72348,0.12,0
74005,2.93,0
74935,35.1,0
75252,0.13,0
78210,72.72,0
83182,0.13,0
83276,0.17,0
89147,0.05,0
93071,3.23,0
99070,0.07,0
102267,13.28,0
105316,0.33,0
105502,7.02,0
106257,5.87,0
106549,1.77,0
107454,0.47,0
117468,0.08,0
119972,0.08,0
124556,9.5,0
126978,41.5,0
134943,10.52,0
135960,0.58,0
139015,19.5,0
140195,22.35,0
143488,36.92,0
143621,8,0
144578,32.33,0
144925,1.58,0
144937,3.77,0
145002,0.1,0
145095,0.07,0
145920,31.68,0
145941,38.28,0
146141,95.55,0
146202,0.27,0
146215,10.35,0
146289,0.1,0
146656,0.17,0
146669,8.27,0
146708,0.47,0
146756,40.28,0
146814,0.4,0
147004,0.08,0
147103,17.93,0
147245,0.15,0
147429,6.05,0
148107,36.18,0
148119,19.35,0
148170,0.25,0
148171,1.38,0
148176,0.57,0
148195,1.8,0
148201,0.23,0
148203,46.13,0
148219,0.05,0
148223,1.07,0
148230,0.1,0
148258,0.5,0
148276,0.73,0
148296,0.65,0
148318,0.68,0
148319,0.13,0
148320,14.8,0
148324,18.92,0
148341,10,0
148343,0.95,0
148380,0.27,0
148387,0.07,0
148427,0.47,0
148440,0.1,0
148469,0.83,0
148499,15.73,0
148505,2.55,0
148507,1.68,0
148525,0.07,0
148532,5.1,0
148533,0.45,0
148544,56.95,0
148556,2.73,0
148569,12.48,0
148586,0.5,0
148590,1.97,0
148592,2.02,0
148593,7.83,0
148602,1.58,0
148605,0.28,0
148623,65.68,0
148628,160.75,0
148656,56.57,0
148677,0.9,0
148691,0.22,0
148721,95.28,0
148724,34.77,0
148726,0.25,0
148729,50.08,0
148734,2.52,0
148753,42.92,0
148756,105.42,0
148767,5.9,0
148790,0.4,0
148797,1.92,0
148822,21.65,0
148830,0.7,0
148845,26.12,0
148850,0.27,0
148855,0.3,0
148871,2.17,0
148873,49.85,0
148877,0.33,0
148925,25.2,0
148934,33.13,0
148936,80.4,0
148949,0.53,0
148990,14.52,0
149014,16.62,0
149036,0.08,0
149042,51.03,0
149043,16.93,0
149073,0.7,0
149079,2.7,0
149099,9.5,0
149112,2.23,0
149136,0.63,0
149167,5.92,0
149186,0.7,0
149206,19.67,0
149235,0.07,0
149266,0.65,0
149331,0.92,0
149332,64.12,0
149380,6.53,0
149391,0.13,0
149398,44.27,0
149407,0.08,0
149462,48.22,0
149476,5.25,0
149578,0.47,0
149585,0.37,0
149602,0.17,0
149611,57.7,0
149614,0.55,0
149628,0.05,0
149642,3.52,0
149645,18.9,0
149660,2.27,0
149661,0.08,0
149703,39.48,0
149718,0.98,0
149746,28.22,0
149751,2.75,0
149797,0.57,0
149827,0.55,0
149841,0.08,0
149897,3.38,0
149911,85.9,0
149916,0.32,0
149917,1.4,0
149934,0.23,0
149964,0.17,0
150026,1.75,0
150105,61.48,0
150106,0.05,0
150116,0.85,0
150119,3.45,0
150168,5.38,0
150171,0.08,0
150200,2.3,0
150204,0.17,0
150213,5.97,0
150227,7.97,0
150279,0.18,0
150280,0.6,0
150302,0.28,0
150317,3.87,0
150331,0.08,0
150361,1.1,0
150372,13.47,0
150380,1.8,0
150408,26.42,0
150433,1.22,0
150439,15.37,0
150456,12.22,0
150458,0.35,0
150482,11.03,0
150488,104.4,0
150529,61.75,0
150531,0.32,0
150556,1.27,0
150581,31.72,0
150591,0.58,0
150607,6.35,0
150624,0.23,0
150627,0.23,0
150646,29.18,0
150660,0.07,0
150665,62.75,0
150672,0.85,0
150673,23.75,0
150675,0.07,0
150701,34.17,0
150705,5.08,0
150709,0.73,0
150717,5.35,0
150730,73.45,0
150744,81.38,0
150748,6.8,0
150769,0.18,0
150784,5.02,0
150785,6.12,0
150871,57.38,0
150882,20.45,0
150906,37.1,0
150907,0.93,0
150909,3.58,0
150932,2.83,0
150936,50.1,0
150960,0.43,0
150973,2.33,0
150986,59.08,0
150996,7.02,0
151004,0.55,0
151031,7.95,0
151042,0.37,0
151045,16.87,0
151070,0.12,0
151081,0.2,0
151085,1.23,0
151092,2.48,0
151135,39.53,0
151139,12.03,0
151158,7.23,0
151163,0.5,0
151169,0.05,0
151170,4.58,0
151202,62.98,0
151214,6.17,0
151225,24.32,0
151236,0.35,0
151241,57.13,0
151292,1.22,0
151305,50.87,0
151333,85.02,0
151340,17.55,0
151352,0.68,0
151370,1.6,0
151421,27.3,0
151447,0.75,0
151451,2.6,0
151467,5.63,0
151534,0.53,0
151576,0.17,0
151584,9.03,0
151587,0.62,0
151600,0.22,0
151605,0.63,0
151610,24.48,0
151613,0.88,0
151627,9.83,0
151659,20.25,0
151673,0.3,0
151696,8.52,0
151711,2.57,0
151743,8.77,0
151753,0.62,0
151790,0.12,0
151792,2.82,0
151797,6.85,0
151848,0.63,0
151885,1.7,0
151903,17.7,0
151919,2.18,0
152032,0.18,0
152133,10.77,0
152142,5.42,0
152188,2.97,0
152196,2.15,0
152198,6.12,0
152225,2.55,0
152242,8.75,0
152262,3.5,0
152322,6.98,0
152390,53.38,0
152399,1.7,0
152410,0.1,0
152441,1.93,0
152443,0.5,0
152473,3.23,0
152476,41.42,0
152513,23.18,0
152556,1.78,0
152585,1.53,0
152589,53.22,0
152590,11.67,0
152592,0.08,0
152607,4.62,0
152652,59.8,0
152673,1.07,0
152682,0.58,0
152693,0.98,0
152714,65.07,0
152717,0.07,0
152735,0.3,0
152751,34.48,0
152775,0.5,0
152780,0.62,0
152785,0.47,0
152812,0.08,0
152823,132.77,0
152827,72.4,0
152888,5.95,0
152899,0.12,0
152905,1.6,0
152972,5.37,0
152998,0.15,0
153033,19.85,0
153039,0.1,0
153042,5.93,0
153055,66.05,0
153071,4.92,0
153082,0.12,0
153089,0.3,0
153092,5.6,0
153119,2.37,0
153143,0.38,0
153144,10.25,0
153152,37.6,0
153198,1.42,0
153227,0.82,0
153256,0.05,0
153258,3.6,0
153261,0.32,0
153316,0.42,0
153328,27.42,0
153332,0.17,0
153356,71.48,0
153389,4.75,0
153428,6.22,0
153474,0.77,0
153476,17.23,0
153510,65.15,0
153515,14.83,0
153529,1.02,0
153556,0.05,0
153595,0.33,0
153660,56.92,0
153674,0.87,0
153732,98.25,0
153734,0.05,0
153800,0.17,0
153819,27.28,0
153853,0.9,0
153887,1.57,0
153899,18.28,0
153908,9.58,0
153927,3.77,0
153929,67.73,0
153936,8.42,0
153951,0.1,0
153961,24.25,0
153965,9.02,0
153969,0.05,0
153980,0.58,0
153989,12.5,0
154011,0.37,0
154039,19.98,0
154077,13.93,0
154079,11.83,0
154088,0.07,0
154105,59.07,0
154147,43.68,0
154168,8.5,0
154170,0.8,0
154199,79.73,0
154200,0.05,0
154218,6.48,0
154264,19.48,0
154267,0.15,0
154355,7.1,0
154390,10.02,0
154399,37.98,0
154471,2.28,0
154472,31.02,0
154476,58.4,0
154492,0.62,0
154500,0.05,0
154541,16.55,0
154572,0.5,0
154616,0.47,0
154617,0.8,0
154627,1.82,0
154648,0.93,0
154664,6.03,0
154679,59.45,0
154695,0.47,0
154813,30.92,0
154827,0.57,0
154872,3.78,0
154945,0.25,0
155033,27.07,0
155064,0.12,0
155082,5.2,0
155128,41.9,0
155134,45.38,0
155150,11.17,0
155217,4.2,0
155240,0.72,0
155259,18.13,0
155264,10.37,0
155287,0.38,0
155382,1.1,0
155399,2.17,0
155447,1.58,0
155471,1.02,0
155505,29.28,0
155515,9.23,0
155526,58.6,0
155532,2.05,0
155562,6.08,0
155576,82.6,0
155578,0.32,0
155615,0.33,0
155695,6.03,0
155763,68.13,0
155806,0.8,0
155857,1.85,0
155866,28.22,0
155900,6.4,0
155923,0.7,0
155942,0.37,0
155971,45.07,0
155989,34.97,0
156054,4.88,0
156074,4.48,0
156090,1.17,0
156093,1.55,0
156143,3.22,0
156149,42.35,0
156158,71.98,0
156172,0.5,0
156179,6.88,0
156186,0.88,0
156203,0.93,0
156301,13.38,0
156312,0.05,0
156321,22.97,0
156349,10.27,0
156352,4.7,0
156357,75.08,0
156364,2.58,0
156366,1.4,0
156367,0.07,0
156376,6.43,0
156403,4.88,0
156411,10.65,0
156420,9.4,0
156424,77.47,0
156433,0.08,0
156456,0.4,0
156465,50.82,0
156500,0.45,0
156509,2.33,0
156513,0.07,0
156525,16.2,0
156538,75.48,0
156571,1.13,0
156591,22.57,0
156594,39.33,0
156602,3.15,0
156609,22.08,0
156630,0.38,0
156637,0.18,0
156663,0.08,0
156706,0.33,0
156726,0.05,0
156732,0.18,0
156734,114.92,0
156758,2.43,0
156818,29.97,0
156830,4.4,0
156894,75.08,0
156923,13.87,0
156976,100.3,0
156986,0.88,0
156994,0.05,0
157001,0.82,0
157005,0.17,0
157013,11.6,0
157038,0.08,0
157051,6.55,0
157061,0.07,0
157071,5.68,0
157075,67.85,0
157084,3.2,0
157101,1.07,0
157124,37.57,0
157135,0.7,0
157137,0.52,0
157145,0.4,0
157177,17.7,0
157236,75.33,0
157240,97.42,0
157261,1.1,0
157267,0.82,0
157282,12.07,0
157287,5.65,0
157316,2.23,0
157333,33.9,0
157395,0.47,0
157406,0.05,0
157454,0.22,0
157472,6.05,0
157474,2.25,0
157478,0.58,0
157517,72.72,0
157521,25.47,0
157524,7.1,0
157544,38.5,0
157577,43.12,0
157609,18.27,0
157626,29.92,0
157629,6.32,0
157633,120.73,0
157654,6,0
157658,6.62,0
157663,12.45,0
157672,0.1,0
157705,0.08,0
157729,16.38,0
157737,1.63,0
157741,10.53,0
157763,23.08,0
157765,0.1,0
157820,46.88,0
157858,0.07,0
157864,0.38,0
157874,0.1,0
157908,4.63,0
157912,9.17,0
157961,0.67,0
157967,52.28,0
157976,16.77,0
158000,21.93,0
158006,0.13,0
158025,51.88,0
158030,44.05,0
158037,4.53,0
158068,12.62,0
158093,6.98,0
158109,1.45,0
158111,5.53,0
158124,22.3,0
158156,0.1,0
158208,11.92,0
158230,0.1,0
158235,0.12,0
158241,54.93,0
158267,1.08,0
158301,0.1,0
158350,1.63,0
158381,0.05,0
158383,0.05,0
158396,0.25,0
158406,0.67,0
158430,7.67,0
158451,1.43,0
158454,2.7,0
158462,3.3,0
158468,6.18,0
158510,0.13,0
158522,10.95,0
158529,1.35,0
158572,0.18,0
158598,11.37,0
158602,2.05,0
158620,6.27,0
158621,42.15,0
158636,0.35,0
158661,0.07,0
158678,5.03,0
158689,5.27,0
158708,0.62,0
158763,5.47,0
480,2.88,0
818,76.5,0
1290,0.1,0
1414,60.1,0
2252,1.42,0
2639,3.47,0
2802,26.35,0
3075,116.97,0
3304,13.35,0
3825,0.35,0
4584,0.18,0
4928,0.35,0
5103,59.17,0
5400,3.33,0
6204,0.25,0
6758,0.33,0
6865,3.3,0
7666,0.27,0
7746,0.78,0
8785,64.57,0
8877,0.18,0
9766,0.2,0
10226,0.92,0
10549,6.92,0
10913,0.87,0
10949,105.03,0
11016,20.42,0
11045,1.07,0
13096,0.3,0
13151,6.05,0
13738,95.5,0
14283,0.08,0
14385,68.07,0
14577,8.32,0
15605,5.68,0
16287,1.03,0
17123,5.93,0
17716,0.18,0
17881,59.23,0
18555,0.18,0
19001,19.05,0
20404,0.37,0
20860,2.55,0
21684,0.9,0
21869,96.15,0
22844,0.07,0
25132,0.1,0
26867,1.43,0
30320,0.07,0
30545,0.17,0
30809,36.73,0
33474,9.43,0
34699,58.55,0
34912,0.38,0
36738,0.33,0
41103,17.23,0
42557,1.5,0
42831,0.45,0
42833,0.12,0
42944,2.87,0
43828,2.5,0
45350,0.57,0
46807,1.15,0
47760,0.6,0
48680,0.13,0
49122,0.07,0
50116,33.83,0
53418,61.9,0
54643,0.05,0
59185,0.1,0
61336,6.02,0
61796,0.2,0
62050,0.07,0
71841,39.75,0
74839,0.27,0
78726,0.17,0
82842,0.68,0
83118,1.53,0
90224,6.88,0
90450,0.48,0
91571,0.28,0
93172,0.07,0
99125,4.18,0
105478,0.17,0
107350,0.37,0
109138,0.08,0
113207,0.25,0
118399,0.05,0
121763,0.07,0
123043,0.3,0
136792,3.18,0
138177,10.4,0
138587,0.72,0
139154,15.35,0
140536,0.13,0
140938,25.55,0
143585,0.43,0
143655,6.63,0
144863,0.07,0
145243,0.05,0
145295,0.05,0
145726,6.15,0
146066,0.1,0
146122,0.98,0
146266,38.03,0
146385,0.37,0
146388,0.22,0
146400,7,0
146836,4.53,0
147109,58.65,0
147156,67.25,0
147392,9.7,0
147411,8.73,0
147575,0.32,0
147620,2.62,0
147717,5.05,0
147784,0.1,0
147849,16.53,0
147877,20.65,0
147918,7.85,0
147924,25.75,0
148151,75.27,0
148162,0.48,0
148166,9.63,0
148168,11.22,0
148178,0.23,0
148193,10.52,0
148199,58.35,0
148253,36.67,0
148264,51.33,0
148270,0.58,0
148284,0.15,0
148286,10.6,0
148289,0.48,0
148291,0.23,0
148340,7.4,0
148354,3.68,0
148367,42.73,0
148398,0.08,0
148408,31.05,0
148426,0.33,0
148451,0.07,0
148454,0.08,0
148460,8.98,0
148489,0.07,0
148493,0.07,0
148500,13.38,0
148517,1.12,0
148519,0.3,0
148522,33.37,0
148542,0.23,0
148545,20.27,0
148613,0.17,0
148627,0.4,0
148684,7.4,0
148707,0.63,0
148718,0.08,0
148743,0.93,0
148762,5.23,0
148770,1.38,0
148784,7.18,0
148792,1.25,0
148843,4.47,0
148849,0.87,0
148851,27.72,0
148870,9.33,0
148889,0.67,0
148910,1.88,0
148916,1.98,0
148926,7.35,0
148966,22.68,0
148972,4.33,0
149026,0.85,0
149035,27.25,0
149047,2.58,0
149090,0.2,0
149091,87.35,0
149103,50,0
149119,13.58,0
149127,0.07,0
149128,0.05,0
149141,0.23,0
149171,6.2,0
149180,0.07,0
149188,12.33,0
149203,2.68,0
149211,2.1,0
149255,6.23,0
149261,0.08,0
149269,0.4,0
149282,53.25,0
149284,39.37,0
149287,5.15,0
149326,7.35,0
149345,30.18,0
149348,0.35,0
149360,6.33,0
149369,5.05,0
149432,0.63,0
149503,16.8,0
149531,0.32,0
149571,0.25,0
149646,10.9,0
149659,11.7,0
149665,0.63,0
149671,0.05,0
149683,3.32,0
149728,1.13,0
149729,5.05,0
149738,0.22,0
149745,7.17,0
149765,1.73,0
149795,8.82,0
149805,62.57,0
149822,5.9,0
149833,0.52,0
149848,29.4,0
149858,33,0
149859,0.62,0
149881,29.13,0
149898,0.63,0
149918,0.05,0
149959,6.23,0
149978,3.2,0
149981,25.02,0
149995,0.53,0
150013,127.65,0
150038,0.08,0
150058,0.27,0
150086,127.45,0
150096,1.05,0
150099,34.12,0
150120,8,0
150157,13.97,0
150163,22.55,0
150172,0.23,0
150175,19.35,0
150179,5.35,0
150210,18.67,0
150229,30.92,0
150249,1.05,0
150290,0.88,0
150306,4.5,0
150350,0.07,0
150351,0.73,0
150367,1.68,0
150377,43.18,0
150381,18.42,0
150401,0.1,0
150412,0.28,0
150454,4.32,0
150459,0.75,0
150461,37,0
150520,0.18,0
150528,6.38,0
150559,21.12,0
150573,31.72,0
150583,2.95,0
150605,24.97,0
150614,113.13,0
150618,49.23,0
150621,0.18,0
150622,0.7,0
150625,65.42,0
150631,0.08,0
150653,0.68,0
150676,0.5,0
150677,0.08,0
150702,5.83,0
150706,5.92,0
150726,2.37,0
150752,8.37,0
150771,3.98,0
150777,5.2,0
150798,4.8,0
150802,41.02,0
150804,0.73,0
150805,16.4,0
150808,0.1,0
150810,0.2,0
150841,4.85,0
150855,6.33,0
150865,9.73,0
150889,27.67,0
150933,17.28,0
150958,0.45,0
150961,56.28,0
151000,16.33,0
151007,0.28,0
151019,5.55,0
151065,0.13,0
151069,16.2,0
151072,28.98,0
151091,15.82,0
151122,0.08,0
151131,0.43,0
151143,1.37,0
151161,0.93,0
151176,1.23,0
151177,25.28,0
151193,73.95,0
151217,0.32,0
151221,0.05,0
151223,0.85,0
151227,55.63,0
151376,5.3,0
151384,0.12,0
151385,15.97,0
151411,0.28,0
151415,0.82,0
151441,0.88,0
151452,61.07,0
151482,2.52,0
151507,0.15,0
151510,5.47,0
151569,20.18,0
151581,14.87,0
151598,31.17,0
151601,2.38,0
151612,16.82,0
151637,9.18,0
151662,0.88,0
151710,7.22,0
151776,6.53,0
151782,2.72,0
151785,55.63,0
151788,37.57,0
151802,156.85,0
151845,8.93,0
151877,128.53,0
151945,1.03,0
151949,0.6,0
151971,5.33,0
152004,0.17,0
152016,0.12,0
152048,1.5,0
152067,0.55,0
152069,0.95,0
152097,0.07,0
152101,0.22,0
152147,0.58,0
152148,4.42,0
152172,0.98,0
152178,10.92,0
152215,49.75,0
152237,0.38,0
152255,11.35,0
152258,3.08,0
152279,20.4,0
152290,0.98,0
152298,2.03,0
152299,1.38,0
152310,11.9,0
152312,0.3,0
152342,0.38,0
152359,0.05,0
152363,9.3,0
152375,122.5,0
152381,3.45,0
152397,0.07,0
152406,0.07,0
152471,2.23,0
152481,66.62,0
152496,10.75,0
152506,2.65,0
152510,2.83,0
152517,52.18,0
152524,4.95,0
152550,0.13,0
152563,65.6,0
152662,16.23,0
152759,26.82,0
152777,44.05,0
152797,0.08,0
152805,0.73,0
152810,10.77,0
152818,1.03,0
152837,0.52,0
152867,68,0
152870,0.52,0
152910,21.53,0
152922,16.73,0
152964,16.38,0
153017,2.67,0
153028,0.45,0
153051,43.67,0
153057,5.38,0
153130,14.45,0
153147,10.02,0
153151,0.15,0
153156,68.12,0
153179,1.15,0
153204,0.13,0
153211,72.75,0
153234,0.05,0
153276,0.17,0
153281,6.08,0
153288,73.78,0
153308,0.37,0
153365,0.05,0
153366,0.1,0
153503,4.88,0
153569,0.27,0
153581,4.1,0
153668,0.92,0
153673,1.88,0
153685,3.23,0
153718,0.05,0
153727,6.03,0
153793,2.82,0
153796,11.02,0
153825,0.2,0
153839,0.98,0
153858,0.05,0
153911,27.88,0
153940,6.08,0
153954,78.15,0
153975,26.52,0
153986,4.25,0
153988,0.22,0
154106,0.6,0
154166,1.47,0
154185,2.98,0
154221,0.12,0
154227,5.37,0
154240,45.32,0
154326,16.43,0
154352,0.4,0
154354,40.03,0
154361,10.03,0
154370,23.18,0
154371,81.33,0
154403,5.37,0
154414,51.38,0
154432,32.7,0
154449,1.28,0
154451,6.97,0
154461,11.32,0
154463,19.52,0
154482,49.35,0
154487,26.17,0
154517,3.82,0
154542,2.55,0
154586,0.77,0
154606,11.15,0
154693,0.7,0
154715,0.77,0
154748,58.22,0
154775,31.83,0
154787,1.68,0
154816,75.17,0
154843,6.03,0
154850,0.3,0
154888,93.57,0
154912,0.5,0
154929,0.08,0
154935,2.4,0
155002,113.83,0
155048,19.52,0
155092,0.08,0
155157,64.75,0
155162,3.85,0
155184,14.27,0
155241,7.85,0
155243,4.18,0
155391,0.17,0
155476,0.42,0
155533,2.3,0
155534,0.1,0
155536,2.25,0
155570,4.17,0
155599,0.07,0
155715,6.03,0
155773,0.93,0
155781,0.05,0
155915,0.5,0
155919,65.67,0
155970,1.93,0
156118,5.12,0
156157,1.12,0
156160,3.15,0
156166,0.07,0
156174,99.38,0
156177,0.92,0
156199,0.3,0
156207,7.5,0
156222,38.35,0
156229,20.07,0
156328,1.43,0
156368,0.32,0
156380,51.83,0
156402,2.57,0
156408,0.08,0
156450,0.83,0
156463,0.05,0
156478,10.5,0
156530,0.2,0
156583,0.27,0
156598,0.07,0
156611,6.05,0
156614,9.65,0
156618,0.08,0
156642,2.95,0
156643,0.58,0
156653,90.28,0
156660,53.05,0
156671,60.45,0
156697,3.75,0
156722,0.52,0
156739,3.63,0
156742,0.67,0
156750,1.17,0
156765,43.28,0
156865,0.15,0
156869,56.27,0
156888,0.8,0
156898,4.92,0
156920,49.8,0
156922,0.55,0
156933,0.83,0
156937,7.87,0
156940,0.77,0
156961,0.17,0
157010,1.43,0
157017,0.53,0
157023,41.05,0
157045,0.85,0
157112,52.02,0
157114,0.45,0
157139,2.72,0
157140,62.97,0
157149,69.68,0
157156,15.03,0
157209,24.73,0
157227,1.38,0
157249,0.12,0
157256,1.78,0
157276,0.05,0
157280,12.82,0
157301,61.5,0
157327,0.38,0
157350,82.92,0
157364,18.42,0
157366,0.12,0
157414,0.18,0
157427,2.9,0
157440,62.02,0
157447,9.03,0
157482,0.2,0
157484,1.87,0
157574,1.42,0
157640,11.93,0
157644,4.93,0
157661,6.88,0
157665,44.58,0
157723,0.38,0
157733,0.48,0
157746,3.7,0
157760,0.52,0
157768,43.27,0
157794,4.57,0
157798,1.08,0
157807,12.5,0
157808,0.87,0
157812,1.08,0
157846,3.58,0
157852,25.57,0
157865,12.73,0
157878,1,0
157924,0.43,0
157935,32.17,0
157941,10.83,0
157969,5.97,0
157982,12.2,0
157990,0.73,0
157993,2.23,0
158029,8,0
158063,6.22,0
158067,3.15,0
158072,0.05,0
158076,0.13,0
158079,0.23,0
158085,7.43,0
158089,0.2,0
158121,0.1,0
158128,3.28,0
158148,2.53,0
158150,0.35,0
158158,0.5,0
158189,1.53,0
158204,0.12,0
158248,2.38,0
158262,1.23,0
158268,6.1,0
158276,4,0
158285,0.23,0
158296,0.05,0
158312,9.92,0
158315,42.72,0
158319,2.03,0
158341,4.62,0
158342,7.23,0
158354,0.48,0
158362,3.23,0
158364,54,0
158372,0.67,0
158393,9.38,0
158412,9.92,0
158440,6.6,0
158445,29.28,0
158479,36.02,0
158512,1.1,0
158548,5.08,0
158599,5.5,0
158618,19.1,0
158619,18.4,0
158627,0.07,0
158646,0.32,0
158718,3.03,0
158730,0.08,0
158768,20.68,0
16,2,0
20,0.37,0
213,8.65,0
563,0.3,0
1496,20.83,0
1612,0.37,0
1762,0.5,0
1946,6.48,0
2844,0.88,0
3030,50.2,0
3152,0.08,0
3166,0.6,0
3231,0.25,0
3315,5.52,0
3469,7.98,0
3732,0.1,0
4033,0.13,0
4419,0.97,0
4847,33.6,0
4892,2.75,0
4933,0.05,0
4945,0.78,0
5444,0.6,0
5902,0.55,0
5952,158.32,0
6260,0.38,0
6772,0.12,0
7248,12.23,0
8934,6.4,0
9734,40.53,0
9944,5.35,0
10055,0.05,0
10076,0.18,0
10229,1.37,0
10539,16.62,0
11586,57.82,0
11835,0.73,0
12898,87.75,0
13090,25.57,0
13772,14.58,0
14851,3.43,0
14874,0.07,0
14976,9.23,0
15228,5.38,0
15250,24.47,0
15626,0.07,0
15911,0.55,0
15942,0.5,0
17866,4.18,0
18594,0.05,0
19737,12.82,0
19742,0.1,0
20065,0.23,0
20811,59.42,0
20817,31.32,0
21253,0.12,0
21409,0.87,0
21482,27.12,0
21515,9.25,0
22622,0.1,0
22852,33.15,0
23578,1.2,0
23891,0.18,0
24419,0.75,0
24883,1.68,0
25920,0.12,0
27367,0.18,0
27499,0.1,0
27937,0.23,0
28018,53.82,0
29264,11.68,0
31356,6.25,0
32014,17.92,0
32339,6.95,0
33257,10.03,0
34714,19.43,0
39090,0.22,0
39208,42.8,0
41393,0.23,0
42281,0.23,0
42491,47.43,0
42509,0.08,0
42613,2.02,0
47436,4.55,0
49141,1.67,0
49262,0.32,0
52873,0.22,0
53505,0.33,0
53770,2.02,0
56455,2.02,0
57522,66.9,0
58014,6.03,0
60674,3.12,0
60993,0.33,0
61094,1.78,0
62992,0.07,0
68727,13.67,0
71086,0.08,0
71284,31.28,0
71772,29.5,0
73386,0.08,0
74504,0.12,0
77060,7.05,0
80675,0.17,0
81892,8.08,0
86823,34.67,0
89656,5.57,0
92792,0.62,0
97140,0.83,0
101722,0.67,0
102748,0.37,0
103943,6.63,0
104514,0.25,0
107852,12.1,0
108852,67.28,0
111858,0.05,0
112792,0.2,0
114023,18.77,0
115218,0.48,0
116980,7.02,0
123873,1.1,0
125873,1.28,0
136737,8.78,0
140547,52.78,0
141570,0.23,0
142605,9.75,0
143481,1.37,0
143890,3.18,0
143986,50.92,0
144023,16.92,0
144617,7.75,0
144965,1.27,0
145286,63.58,0
145414,0.62,0
145418,22.63,0
145482,7.18,0
145625,2.25,0
145654,2.58,0
145722,2.37,0
145777,33.52,0
145890,0.1,0
145895,0.6,0
146312,4.83,0
146401,1.67,0
146672,2.88,0
146749,29.93,0
146926,33.6,0
147101,23.27,0
147153,36.58,0
147220,0.18,0
147408,0.17,0
147535,1.98,0
147540,0.08,0
147950,82.53,0
148077,10.18,0
148102,1.03,0
148112,50.03,0
148165,0.12,0
148177,0.35,0
148202,2.72,0
148207,0.12,0
148212,0.23,0
148213,11.22,0
148233,0.23,0
148238,1.85,0
148259,5.6,0
148294,0.12,0
148311,109.1,0
148336,1.58,0
148338,15.08,0
148345,0.53,0
148375,19.63,0
148410,17.75,0
148416,2.82,0
148419,1.3,0
148421,14.95,0
148424,2.82,0
148436,1.33,0
148450,0.18,0
148503,5.38,0
148508,1.72,0
148524,5.48,0
148529,0.47,0
148554,1.58,0
148578,36.23,0
148579,0.52,0
148626,0.08,0
148662,77.25,0
148680,1.78,0
148704,22.88,0
148717,0.42,0
148727,5.1,0
148732,0.43,0
148751,0.23,0
148765,0.82,0
148766,0.75,0
148779,56.32,0
148781,0.07,0
148826,57.15,0
148834,12.28,0
148840,5.47,0
148890,0.92,0
148900,1.98,0
148906,20.48,0
148928,1.82,0
148964,8.37,0
148984,0.42,0
149004,0.15,0
149030,85.98,0
149033,62.38,0
149087,1.18,0
149092,8.7,0
149093,2.65,0
149094,12.12,0
149105,22.33,0
149111,0.6,0
149134,0.22,0
149147,1.48,0
149222,0.6,0
149259,0.05,0
149291,17.82,0
149297,1.4,0
149298,0.05,0
149330,0.52,0
149343,0.08,0
149399,7.87,0
149442,9.22,0
149520,1.27,0
149524,0.62,0
149567,43.43,0
149568,0.08,0
149574,42.13,0
149579,14.87,0
149608,0.12,0
149640,0.17,0
149692,50.67,0
149696,8.83,0
149725,0.25,0
149730,0.1,0
149750,8.47,0
149776,28.05,0
149804,0.85,0
149824,9.15,0
149828,69.92,0
149879,15.9,0
149883,0.42,0
149886,68.18,0
149889,64.35,0
149890,66.23,0
149891,51.78,0
149908,5.27,0
149941,53.1,0
149973,17.85,0
150016,26.2,0
150045,14.6,0
150057,92.25,0
150063,0.77,0
150078,0.08,0
150091,3.13,0
150153,0.25,0
150166,5.78,0
150183,7.08,0
150184,21.7,0
150192,13.42,0
150195,0.17,0
150224,10.4,0
150231,0.48,0
150235,1.15,0
150243,0.05,0
150257,0.07,0
150353,0.07,0
150393,0.15,0
150397,7.73,0
150407,5.33,0
150411,0.07,0
150420,1.28,0
150423,1.27,0
150436,107.65,0
150452,0.67,0
150474,0.27,0
150490,2.93,0
150501,14.23,0
150511,0.3,0
150515,16.17,0
150580,0.08,0
150598,6.43,0
150613,9.83,0
150666,0.62,0
150667,0.45,0
150680,0.75,0
150682,0.47,0
150686,5.87,0
150755,8.93,0
150758,0.62,0
150760,31,0
150764,16.5,0
150768,0.48,0
150772,0.07,0
150803,0.08,0
150812,48.07,0
150815,0.1,0
150826,67.98,0
150828,0.1,0
150833,0.27,0
150836,0.07,0
150847,20.63,0
150849,3.68,0
150858,124.35,0
150885,0.72,0
150903,0.05,0
150940,1.13,0
150947,107.22,0
150955,23.93,0
150987,0.8,0
150990,13.67,0
150998,1.97,0
151002,0.5,0
151048,0.58,0
151061,44.8,0
151103,27.4,0
151127,0.23,0
151206,47.28,0
151260,21.28,0
151265,1.25,0
151279,57.07,0
151280,0.58,0
151293,7.02,0
151351,27.87,0
151427,27.15,0
151471,12.55,0
151484,0.67,0
151504,4.45,0
151582,29.33,0
151639,10.03,0
151648,0.08,0
151668,39.9,0
151716,49.23,0
151735,0.07,0
151767,46.93,0
151838,0.58,0
151859,17.27,0
151894,6.85,0
151896,0.9,0
151943,1.33,0
151968,3.52,0
152021,2.82,0
152038,83.27,0
152079,0.83,0
152086,6.8,0
152138,11.35,0
152139,0.1,0
152203,9.58,0
152286,6.27,0
152293,0.05,0
152318,1.87,0
152323,0.52,0
152334,0.5,0
152347,8.52,0
152348,8.12,0
152356,62.9,0
152377,4.57,0
152391,1.6,0
152428,41.4,0
152458,14.68,0
152462,17.73,0
152475,1.83,0
152494,3.18,0
152501,0.8,0
152504,0.22,0
152520,3.43,0
152587,0.07,0
152615,0.07,0
152630,34.68,0
152636,0.05,0
152640,1.53,0
152668,0.98,0
152669,1.72,0
152702,0.63,0
152711,19.42,0
152750,0.08,0
152757,6.85,0
152782,7.95,0
152792,0.48,0
152877,0.27,0
152879,9.13,0
152893,0.52,0
152927,75.43,0
152939,0.62,0
152967,8.8,0
152991,11.32,0
153048,1.07,0
153066,17.83,0
153098,0.32,0
153160,10.78,0
153209,0.27,0
153221,98.78,0
153272,6.72,0
153330,0.55,0
153430,6.03,0
153443,34.22,0
153479,1.37,0
153482,0.12,0
153483,1.65,0
153488,10.97,0
153492,0.13,0
153496,57.77,0
153543,59.55,0
153547,0.05,0
153554,68.05,0
153630,66.73,0
153659,34.48,0
153677,5.98,0
153714,28.33,0
153746,1.17,0
153774,1.2,0
153784,0.13,0
153785,0.9,0
153806,1.32,0
153808,0.1,0
153832,2.05,0
153855,5.5,0
153864,41.23,0
153870,2.28,0
153903,0.83,0
153906,57.43,0
153909,0.17,0
153984,69.05,0
154026,61.42,0
154090,6.03,0
154096,8.62,0
154120,15.82,0
154178,0.07,0
154190,0.23,0
154237,44.55,0
154299,135.12,0
154313,18.45,0
154346,6.63,0
154438,33.87,0
154453,10.38,0
154467,0.43,0
154483,9.75,0
154583,0.68,0
154632,0.2,0
154668,114.57,0
154718,6.07,0
154733,10.65,0
154737,6.03,0
154738,8.32,0
154810,0.05,0
154811,0.2,0
154818,2.17,0
154839,63.2,0
154893,92.8,0
154907,0.05,0
154954,2.07,0
154987,62.25,0
155009,2.2,0
155040,0.72,0
155177,3.07,0
155216,0.67,0
155219,0.48,0
155220,31.47,0
155255,1.1,0
155274,32.85,0
155295,0.27,0
155318,0.08,0
155341,47.83,0
155420,0.7,0
155422,15.08,0
155432,23.38,0
155438,0.07,0
155455,15.35,0
155564,0.05,0
155565,2.45,0
155598,10.72,0
155626,0.4,0
155662,0.67,0
155687,0.95,0
155702,68.03,0
155705,7.23,0
155914,0.1,0
155983,7.48,0
156008,0.95,0
156012,60.85,0
156121,15.57,0
156131,7.23,0
156156,2.58,0
156173,1.88,0
156204,0.22,0
156215,15.87,0
156268,2.53,0
156306,147.95,0
156314,6.05,0
156330,9.07,0
156337,22.68,0
156358,0.38,0
156394,5.02,0
156445,6.08,0
156455,0.12,0
156481,34.05,0
156485,0.67,0
156492,43.63,0
156506,0.15,0
156520,54.32,0
156542,0.45,0
156544,0.8,0
156579,5.32,0
156603,1.37,0
156624,0.07,0
156638,58.07,0
156640,38.17,0
156665,0.32,0
156677,0.15,0
156705,6.55,0
156709,1.62,0
156745,0.33,0
156767,14.77,0
156783,0.63,0
156807,36.38,0
156813,3.87,0
156820,41.5,0
156826,1.18,0
156832,79.85,0
156846,32.05,0
156854,1.17,0
156861,7.05,0
156862,0.72,0
156864,9.58,0
156871,1.25,0
156874,0.05,0
156900,5.18,0
156929,8.7,0
156932,6.63,0
156938,10.42,0
156939,3.55,0
156955,5.75,0
157000,1.03,0
157027,4.77,0
157067,0.15,0
157068,9.67,0
157078,7.9,0
157096,2.65,0
157102,0.07,0
157123,15.35,0
157132,0.22,0
157159,10.35,0
157181,0.05,0
157185,24.33,0
157191,10.63,0
157208,0.05,0
157213,0.08,0
157215,0.18,0
157231,0.08,0
157246,35.97,0
157273,4.65,0
157361,1.95,0
157413,1.37,0
157445,0.15,0
157487,14.5,0
157491,9.15,0
157497,0.55,0
157500,0.3,0
157502,5.05,0
157510,24.28,0
157540,0.18,0
157543,1.17,0
157568,0.07,0
157587,0.08,0
157593,36.58,0
157594,1.13,0
157599,1.28,0
157606,10.07,0
157607,0.75,0
157624,0.08,0
157627,0.1,0
157647,65.28,0
157657,32.1,0
157676,75,0
157678,16,0
157683,0.95,0
157684,18.32,0
157697,0.65,0
157703,0.08,0
157738,102.2,0
157773,21.52,0
157774,0.05,0
157784,1.33,0
157801,0.35,0
157803,0.2,0
157819,21.37,0
157835,0.05,0
157879,94.65,0
157891,63.05,0
157923,4.9,0
157925,0.92,0
157928,1.35,0
157958,17.85,0
157960,6.47,0
157972,0.25,0
157978,3.22,0
158002,4.18,0
158024,0.12,0
158064,1.1,0
158082,12.72,0
158106,0.15,0
158122,0.15,0
158127,20.23,0
158143,37.63,0
158146,0.92,0
158147,0.17,0
158186,49.2,0
158200,0.05,0
158212,1.82,0
158226,4.47,0
158264,0.87,0
158275,13.05,0
158293,0.2,0
158297,51.52,0
158392,6.18,0
158415,13.1,0
158446,12.05,0
158458,20.02,0
158467,0.75,0
158505,4.98,0
158511,26.92,0
158533,1.3,0
158537,34.85,0
158539,1.08,0
158549,2.88,0
158556,18.92,0
158594,5.47,0
158606,5.73,0
158630,0.82,0
158638,15.1,0
158671,0.88,0
158707,0.53,0
158736,0.35,0
158741,0.68,0
158752,10.15,0
9,0.07,0
675,2.68,0
696,7.77,0
857,19.48,0
902,34.62,0
1251,5.05,0
1258,3.22,0
1481,30.05,0
1576,0.6,0
2979,36.9,0
3837,19.17,0
3947,0.3,0
4028,0.2,0
4232,0.22,0
4682,0.88,0
4765,4.48,0
5472,0.37,0
5879,0.12,0
6033,0.08,0
6583,12.12,0
7050,1.08,0
7374,24.1,0
8335,25.75,0
8585,3.47,0
8788,0.08,0
9044,1.3,0
9531,11.48,0
9908,5.27,0
10073,3.37,0
10107,0.13,0
10255,14.08,0
11404,96.17,0
12032,0.08,0
12122,2.68,0
12745,1.27,0
13232,0.27,0
13615,0.95,0
13628,0.27,0
13752,32.85,0
13870,10.18,0
14198,0.25,0
14234,0.8,0
14306,0.05,0
14383,0.32,0
15303,11.27,0
15408,0.07,0
15478,50.05,0
15889,9.92,0
16611,60.07,0
17394,0.22,0
19256,0.17,0
19577,7.28,0
19603,0.25,0
19732,0.73,0
20403,1.72,0
20427,0.5,0
21603,104.92,0
22670,0.07,0
22746,0.5,0
23548,27.68,0
23584,14.65,0
23805,99.32,0
24092,0.3,0
24328,0.08,0
24509,58.37,0
24523,0.9,0
24738,0.07,0
24849,0.05,0
25316,0.48,0
26063,9.07,0
28025,7.53,0
28568,0.62,0
30159,0.07,0
32027,49.02,0
32124,0.28,0
33088,2.83,0
34838,8.33,0
35690,0.62,0
37529,1.07,0
38021,0.67,0
39692,0.12,0
42236,0.18,0
42622,0.28,0
43094,7.47,0
43136,5.78,0
43171,0.67,0
43612,2.45,0
44106,18.47,0
46607,0.13,0
47942,10.8,0
48106,0.32,0
50833,3.08,0
51947,0.05,0
52227,5.78,0
53325,0.83,0
55958,0.38,0
58764,30.93,0
60248,5.85,0
61445,0.85,0
63292,0.2,0
63531,23.5,0
66224,9.1,0
66969,0.97,0
67417,0.93,0
69196,8.05,0
69653,1.08,0
70381,0.42,0
70495,0.17,0
71099,2.53,0
73204,2.27,0
76959,0.08,0
78303,0.48,0
78340,0.25,0
87066,0.05,0
88448,53.65,0
97286,0.57,0
101504,43.42,0
102544,0.05,0
103665,0.27,0
108664,1.93,0
109301,0.28,0
121843,30.38,0
124344,0.4,0
124401,13.17,0
135990,0.88,0
138957,0.12,0
139968,0.7,0
142855,2.2,0
143181,3.25,0
143411,0.07,0
143656,5.47,0
144030,68.13,0
144196,0.53,0
144468,0.17,0
144836,31.58,0
144997,0.33,0
145086,12.93,0
145173,20.92,0
145184,5.13,0
145358,44.32,0
145496,0.08,0
145561,20.87,0
145727,9.63,0
145848,0.18,0
145863,1.92,0
146067,10.9,0
146161,0.33,0
146642,0.08,0
146736,0.98,0
146822,4.25,0
146912,0.07,0
147373,0.28,0
147791,24.35,0
147803,3.47,0
147883,59.03,0
147938,0.9,0
148157,13.68,0
148179,90.78,0
148181,0.1,0
148186,0.1,0
148232,1.4,0
148248,66.78,0
148250,0.23,0
148256,34.65,0
148271,1.2,0
148290,72.72,0
148310,0.47,0
148337,0.08,0
148349,0.85,0
148350,6.25,0
148396,8.33,0
148397,0.13,0
148403,29.37,0
148405,1.37,0
148447,7.67,0
148465,0.25,0
148470,50.93,0
148490,64,0
148523,6.42,0
148541,0.05,0
148546,6.13,0
148553,6.47,0
148565,0.13,0
148566,53.62,0
148582,0.32,0
148587,0.1,0
148599,1.27,0
148609,45.73,0
148629,0.65,0
148635,4.88,0
148652,8.43,0
148654,5.47,0
148655,0.78,0
148660,12.33,0
148681,6.75,0
148683,26.63,0
148689,0.65,0
148744,0.4,0
148757,0.63,0
148759,0.28,0
148764,34,0
148769,1.3,0
148796,0.18,0
148808,3.47,0
148823,6.12,0
148839,0.92,0
148846,56.35,0
148924,1.47,0
148931,1.3,0
148943,0.48,0
148991,39.67,0
149000,0.07,0
149007,9.1,0
149019,0.35,0
149025,0.65,0
149031,0.3,0
149032,11.08,0
149085,30.5,0
149088,5.45,0
149137,0.13,0
149185,0.15,0
149226,3.55,0
149234,8.15,0
149246,0.63,0
149257,10.97,0
149273,1.43,0
149285,0.63,0
149299,3.13,0
149323,0.25,0
149337,0.08,0
149425,5.75,0
149496,4.37,0
149544,0.82,0
149558,2.6,0
149592,0.4,0
149631,35.23,0
149643,9.98,0
149666,0.08,0
149687,0.42,0
149689,0.55,0
149704,0.93,0
149715,0.62,0
149724,0.77,0
149759,83.82,0
149767,23.73,0
149793,1.87,0
149800,0.18,0
149806,0.9,0
149810,113.3,0
149837,10.83,0
149840,11.57,0
149877,0.05,0
149922,5.88,0
149923,1.12,0
149925,7.85,0
149930,9.98,0
149932,2.28,0
149947,3.9,0
149955,7.43,0
149966,0.97,0
149999,14.48,0
150014,0.58,0
150035,1.42,0
150046,0.07,0
150048,0.32,0
150066,0.18,0
150074,0.08,0
150098,0.2,0
150100,3.48,0
150123,66.03,0
150132,0.75,0
150138,4.68,0
150152,54.3,0
150193,15.97,0
150222,35.5,0
150228,1.1,0
150230,0.75,0
150248,0.93,0
150256,20.12,0
150274,1.35,0
150296,1.87,0
150319,9.83,0
150335,0.77,0
150339,15.88,0
150368,5.35,0
150378,0.48,0
150395,1.25,0
150400,0.07,0
150404,1.17,0
150418,70.05,0
150422,1.5,0
150478,0.42,0
150491,56.8,0
150589,0.08,0
150608,11.5,0
150629,5.38,0
150643,25.4,0
150669,0.6,0
150707,0.3,0
150725,6.43,0
150736,13.08,0
150767,36.45,0
150806,129.52,0
150807,0.32,0
150818,0.5,0
150846,9.22,0
150862,5.25,0
150902,11.57,0
150905,53.63,0
150911,70.52,0
150922,0.82,0
150930,0.8,0
150937,12.18,0
150951,9.1,0
150980,0.08,0
150994,0.05,0
151014,5.42,0
151039,0.08,0
151040,9.38,0
151066,55.13,0
151080,6.62,0
151101,2.4,0
151106,1.02,0
151109,13.65,0
151138,0.2,0
151146,0.25,0
151155,8.58,0
151175,0.28,0
151182,0.08,0
151204,1.02,0
151235,4.47,0
151255,118.7,0
151283,0.67,0
151300,6.13,0
151303,1.53,0
151307,0.07,0
151344,2.38,0
151349,0.28,0
151359,0.55,0
151374,1.95,0
151399,1.33,0
151481,0.25,0
151505,2.62,0
151519,0.17,0
151614,0.8,0
151629,1.07,0
151631,5.35,0
151634,2.87,0
151691,32.83,0
151744,6.92,0
151780,4.65,0
151796,0.08,0
151837,10.1,0
151870,0.82,0
151887,24.52,0
151955,27.67,0
152039,6.58,0
152046,3.98,0
152061,52.03,0
152083,1.25,0
152089,3.18,0
152105,1.3,0
152127,0.05,0
152128,0.98,0
152150,0.42,0
152186,5.7,0
152193,47.13,0
152202,1.48,0
152212,0.1,0
152218,0.83,0
152219,74.23,0
152260,1.13,0
152308,0.65,0
152311,18.22,0
152341,0.78,0
152357,5.4,0
152368,13.63,0
152392,74.95,0
152398,0.33,0
152444,0.22,0
152499,14.18,0
152521,60.07,0
152522,10.77,0
152616,0.1,0
152687,0.22,0
152694,0.13,0
152713,0.67,0
152737,1.72,0
152753,29.12,0
152763,50.28,0
152773,0.27,0
152787,9.68,0
152803,5.43,0
152808,5.97,0
152824,5.57,0
152835,5.92,0
152842,0.53,0
152859,2.78,0
152864,0.17,0
152883,0.93,0
152902,22.77,0
152904,6.45,0
152919,0.47,0
152947,0.62,0
152962,0.42,0
152977,22.65,0
152989,54.32,0
153043,2.05,0
153044,86.35,0
153053,1.13,0
153084,0.7,0
153161,0.32,0
153163,40.55,0
153213,2.4,0
153216,60.65,0
153241,11.02,0
153245,105.65,0
153264,0.07,0
153265,56.37,0
153266,6.27,0
153396,9.85,0
153485,18.4,0
153498,23.23,0
153511,1.33,0
153549,0.52,0
153550,0.05,0
153553,0.65,0
153598,46.08,0
153600,0.38,0
153601,0.4,0
153649,0.05,0
153656,1.73,0
153661,0.85,0
153680,30.83,0
153689,59.6,0
153728,62.7,0
153733,3.12,0
153737,24.13,0
153789,4.27,0
153795,7.08,0
153826,1.1,0
153869,43.38,0
153872,0.87,0
153878,0.08,0
153902,53.3,0
153926,36.7,0
153982,13.08,0
154028,67.82,0
154071,38.92,0
154097,0.05,0
154099,2.78,0
154113,3.65,0
154139,1.38,0
154159,0.15,0
154172,0.3,0
154250,60.05,0
154278,9.1,0
154291,11.38,0
154318,0.27,0
154381,1.05,0
154405,0.05,0
154408,11.07,0
154494,3.67,0
154544,27.38,0
154570,40.57,0
154582,3.03,0
154598,65.33,0
154607,85.75,0
154655,0.28,0
154661,11.3,0
154694,0.08,0
154716,1.58,0
154801,99.13,0
154807,0.07,0
154826,0.12,0
154848,7.25,0
154869,20.02,0
154870,0.75,0
154928,1.25,0
154958,1.4,0
154993,73.07,0
155019,14.05,0
155072,0.22,0
155076,10.05,0
155083,1.08,0
155090,16.7,0
155094,32.03,0
155108,0.63,0
155120,1.82,0
155145,0.3,0
155221,0.05,0
155250,0.43,0
155284,0.08,0
155286,0.97,0
155303,0.83,0
155354,15.75,0
155359,72.3,0
155371,1.02,0
155414,3.87,0
155429,0.68,0
155483,10.77,0
155577,63.5,0
155680,1.27,0
155686,0.12,0
155696,1.83,0
155775,75.75,0
155790,3.13,0
155854,24.62,0
155917,0.05,0
155929,0.1,0
155931,6.27,0
155933,10.98,0
155941,0.67,0
155972,8.7,0
155990,3.9,0
156016,9.9,0
156082,5.27,0
156120,54.28,0
156188,36.15,0
156190,0.62,0
156192,1.47,0
156208,38.02,0
156212,27.02,0
156233,27.43,0
156236,14.18,0
156238,19.43,0
156263,0.9,0
156281,9.67,0
156285,9.05,0
156292,76.52,0
156353,6.03,0
156359,0.6,0
156374,11.28,0
156387,110.2,0
156390,21.67,0
156415,46.88,0
156419,6.6,0
156454,24,0
156460,9.53,0
156466,72.1,0
156490,10.03,0
156499,18.42,0
156540,0.88,0
156548,4.87,0
156550,12.87,0
156573,1.37,0
156596,62.95,0
156623,38.72,0
156632,54.68,0
156634,4.2,0
156641,7.02,0
156650,58.93,0
156659,3.77,0
156701,14,0
156710,90.4,0
156735,0.07,0
156761,14.43,0
156771,28.08,0
156797,0.77,0
156878,0.1,0
156903,0.32,0
156907,19.65,0
156918,1.33,0
156921,12.45,0
156943,0.67,0
156948,0.6,0
156954,7.27,0
156958,0.08,0
156959,6.07,0
156977,0.67,0
156995,65.58,0
157007,7.78,0
157034,0.05,0
157036,1.3,0
157042,0.07,0
157046,0.67,0
157050,0.5,0
157083,21.37,0
157085,1.07,0
157094,13.85,0
157122,2.22,0
157131,0.72,0
157160,6.95,0
157179,1.63,0
157201,4.02,0
157206,0.12,0
157226,0.27,0
157263,0.13,0
157275,0.07,0
157308,30.32,0
157321,19.97,0
157322,0.08,0
157323,0.05,0
157326,26.02,0
157337,9.88,0
157338,1.6,0
157369,6.18,0
157373,25.05,0
157380,0.1,0
157401,65.62,0
157418,12.53,0
157429,0.93,0
157436,0.15,0
157463,7.32,0
157480,0.58,0
157483,0.2,0
157493,3.28,0
157503,5.92,0
157530,0.12,0
157538,20.92,0
157541,10.72,0
157561,1.08,0
157562,2.18,0
157589,1.27,0
157618,0.1,0
157635,0.38,0
157674,2.25,0
157692,2.72,0
157706,0.32,0
157730,1.92,0
157788,2.33,0
157833,6.1,0
157837,0.2,0
157847,0.05,0
157880,0.5,0
157881,70.07,0
157888,0.17,0
157947,6.05,0
157994,5.7,0
158007,70.78,0
158020,5.98,0
158023,20.2,0
158042,6.08,0
158043,66.73,0
158081,10.8,0
158097,3.13,0
158135,49.32,0
158139,0.23,0
158188,12.2,0
158206,0.05,0
158211,68.55,0
158243,5.37,0
158266,7.83,0
158277,27.08,0
158292,1,0
158302,6.88,0
158309,0.25,0
158351,0.67,0
158352,0.47,0
158403,3.17,0
158411,5.05,0
158477,0.88,0
158521,20.77,0
158540,0.07,0
158561,10.52,0
158616,5.05,0
158648,3.87,0
158650,39.47,0
158672,22.27,0
158701,3.3,0
158703,0.52,0
158738,0.17,0
158749,10.95,0
158754,5.47,0
